Dog_Name,Breed
LOUIS,PEKAPOO
NINA,HAVANESE MIX
HARRY,RETRIEVER GOLDEN
OMAR,LABRADOODLE
LEXI,NORWEGIAN ELKHOUND
BUFER,RHODESIAN RIDGEBACK
CHEE-CHEE,RHODESIAN RIDGEBACK
SUMMER,RETRIEVER GOLDEN
PIPER,POODLE MIX
MILEY,TERRIER JACK RUSSELL
JAX,MIX
PENNY,HOUND MIX
COCOA,LABRADOODLE
PENNY,LABRADOODLE
CHLOE,RETRIEVER LABRADOR
PHOENIX,RETRIEVER GOLDEN
BRADY,TERRIER WHEATEN
BABY,SPANIEL CAVALIER  KING CHARLES
CHARLIE,RETRIEVER GOLDEN
YASMIN,SHEEPDOG SHETLAND
ROCKWELL,RETRIEVER LABRADOR
VELVET,DACHSHUND BEAGLE MIX
ROCKY,DACHSHUND BORDER COLLIE MIX
KING,BOXER
MUSHU,MIX
KALI,COCKAPOO
SPUNKY,SHIH-TZU
GRACE,LABRADOODLE
BAILEY,LABRADOODLE
SCARLETT,TERRIER MIX
TANGO,LAB RETRIEVER MIX
OSCAR,MIX
MICKEY,HAVANESE
MIA,DACHSHUND
MILO,BICHON FRISE
BENTLY,TERRIER MIX
CORKY,MALTIPOO
STELLA,RETRIEVER GOLDEN
TOFU,TERRIER JACK RUSSELL MIX
SUNSHINE,SETTER ENGLISH LAB
MASON,SPANIEL BOYKIN MIX
RUBY,RETRIEVER LABRADOR
ARCHI,COCKAPOO
ODIE,GOLDENDOODLE
MOLLY,COLLIE BORDER MIX
STORMY,LABRADOR MIX
CHOPPER,MALTIPOO MIX
CHANCE,MIX
WALDO,AUSTRALIAN LABRADOODLE
OSCAR,HOUND SHEP MIX
IRIS,RETRIEVER GOLDEN MIX
LIBBY,RETRIEVER LABRADOR
SPUTNIK,SHEPHERD AUSTRAILIAN
BRUNO,PUG
COLLETTE,POODLE MINI
JAX,SHELTIE MIX
TINA,CHIHUAHUA MIX
HERSHEY,COCKAPOO
LEO,TERRIER BORDER
CHEETO,LABRADOODLE
SAMMI,GOLDENDOODLE
DAISY,RETRIEVER MIX
MAC,RETRIEVER DUCK TOLLING
RUSTY,MIX
ROMAN,POMERANIAN
DYLAN,LABRADOR
BOOMER,TERRIER JACK RUSSELL
GIRLFRIEND,CORGI MIX
JOEY,GOLDENDOODLE
FINLEY,CAVACHON
BEAR,MIX
PEANUT,PUGGLE
GUNTHER,SHEPHERD MIX
TINKER,COLLIE BORDER
ELLIE,BEAGLE MIX
SANA BAJAJ,LABRADOODLE
ANNIE,POODLE MINI MIX
HONEY,RETRIEVER GOLDEN
YOGI,CAVACHON
SAHARA,COCKAPOO
CALLIE,COCKAPOO
AQUINNAH,POODLE STANDARD
HUDSON,SPANIEL ENGLISH SPRINGER
PANCHO,MALTIPOO
MADDIE,RETRIEVER GOLDEN
BAILEY,COLLIE BORDER MIX
SCARLET,SHEPHERD GERMAN
KODA,SHEPHERD GERMAN
COCO,POODLE MINI
KALA,TERRIER MIX
LULU,LABRADOR MIX
ALFIE,RETRIEVER GOLDEN
TESS,RETRIEVER
DOBBY,BEAGLE BASSET
WINNIE,BULLDOG
HUDSON,SPANIEL
GRACE,GREYHOUND
MARLO,MIX
WILSON,RETRIEVER GOLDEN
SOPHIE,WELSH CORGI PEMBROKE
RILEY,WELSH CORGI PEMBROKE
MARLEY,RETRIEVER LABRADOR
CHARLIE,RETRIEVER LABRADOR
MIKEY,CHIHUAHUA MIX
BEANS,BICHON FRISE
COOPER,GOLDENDOODLE
CHAI,SPANIEL COCKER MIX
THEO,MIX
COOPER,RETRIEVER MIX
BRINLEY,TERRIER NORWICH
PIPPIN,TERRIER NORWICH
GINGER,RETRIEVER GOLDEN
THEIA,MIX
LULAH,MIX
SYDNEY,MALTESE
RICO,COLLIE MIX
REILLY,MALTESE
FINNEGAN,RETRIEVER GOLDEN
FRODO,POODLE MIX
NOBLE,HOUND MIX
BELLA LINA,EURASIER
LUCY,LABRADOODLE AUSTRALIAN
TOBY,GOLDENDOODLE
TIGGER,DACHSHUND MIX
MOLLY,SPANIEL ENGLISH SPRINGER
RAY C,BOXER
DASHIELL,TERRIER RAT MIX
ALOHA,RETRIEVER GOLDEN
LUCKY,PORTUGUESE WATER DOG
MASON,HUSKY SIBERIAN
ROCKY,RETRIEVER GOLDEN
LOLA,RETRIEVER GOLDEN
CHESTER,TERRIER WEST HIGHLAND MIX
SUKI,PEKINGESE MIX
C.J.,MIX
HOBBES,GOLDENDOODLE
TEDDY,GOLDENDOODLE
KEIRA,SPANIEL ENGLISH COCKER
KINEO,LABRADOR MIX
JOSEY,BEAGLE MIX
HUCK,RETRIEVER LABRADOR
HAZEL,LEONBERGER
MISTY,RETRIEVER LABRADOR
LEO,SHIH-TZU
ELSA,MIX
JACK,COLLIE MIX
RIGGINS,MIX
LUCKY,GOLDENDOODLE
TOKI,HUSKY SIBERIAN
JACK,SCHNAUZER MINI
NAPA,CHOW CHOW
CLARICE,GREYHOUND
BUDDY,BOXER MIX
WINNIE,COCKAPOO
LAIKA,GOLDENDOODLE
CHLOE,MALTESE SHITZU MIX
TORI,COLLIE BORDER MIX
TRUDY,COONHOUND
GUS,GOLDENDOODLE
LUCY,SHEPHERD GERMAN MIX
MIKAYA,BEAGLE MIX
FREYJA,RETRIEVER LABRADOR
COCOA,LABRADOR
BELLA,RETRIEVER GOLDEN
THEO,TERRIER BULL BOXER MIX
DORY,TERRIER BLUE TICK HOUND MIX
MAXIE,RETRIEVER LABRADOR
CHARLIE,BEAGLE MIX
MAX,LABRADOODLE
ABBY,DACHSHUND L.H.
SATCHEL,TERRIER BORDER
MEG,PIT BULL
TINKER,MIX
KIMCHI,CHIHUAHUA
LEXI,BICHON FRISE MIX
MILO,GOLDENDOODLE
MARTI,SPANIEL BRITTANY MIX
CALLIE,SPANIEL ENGLISH SPRINGER
JOEY,TERRIER YORKSHIRE
OLIVIA,TERRIER WEST HIGHLAND
CUBA,MALTESE HAVANESE MIX
LILLY,MALTIPOO
CODY,RETRIEVER
LULU,RETRIEVER
ROSIE,BEAGLE
BELLA,GREYHOUND ITALIAN
PIPER,SCHNAUZER MINI
ALLIE,LHASA APSO
MURPHY,RETRIEVER GOLDEN
VIXEN,TERRIER CAIRN
PENELOPE,SHEPHERD MIX
DANIELLE,MIX
AUDREY,MIX
MITSU,RETRIEVER GOLDEN
RUSTY,MIX
LULU,TERRIER YORKSHIRE
BAUER,RETRIEVER GOLDEN MIX
MONTE,SHARPEI
BOOTS,MALTIPOO
BUNNY,SHIH-TZU
LEXI,RETRIEVER LABRADOR
KODI,HEELER
FREDDY,POODLE TOY
REMY,SHEPHERD MIX
RILEY,RETRIEVER GOLDEN
BRADY,RETRIEVER LABRADOR
RUFUS,SPANIEL COCKER MIX
ZEPPELIN,MIX
TUCKER,LABRADOODLE
WALDO,MALTESE MIX
TEDDY,TERRIER YORKSHIRE
BELLA BOOTS,HOUND MIX
BUDDY,MASTIFF MIX
SYDNEY,RETRIEVER LABRADOR
GRACIE,BASSET HOUND MIX
COOKIE,POODLE MIX
NALA,LABRADOR MIX
HAMILTON,RETRIEVER LABRADOR
BRISTOL,BARBET WATER DOG
SOPHIE,RETRIEVER LAB MIX
RIGGLEY,MALTESE MIX
TRIXIE,POODLE STANDARD
RUAIRI,BEAGLE MIX
RILEY,SPANIEL FIELD MIX
ALPINE,RETRIEVER GOLDEN
ANGEL,RETRIEVER LABRADOR
BUDDY,RETRIEVER LAB MIX
TILLY,SHEPHERD COLLIE
GRACIE,COCKAPOO
RUBY,DOBEX
RILEY,DOBEX
PEPPA,SCHNOODLE
COOPER,MIX
BELLA,LAB/BORDER COLLIE
BENTLEY,CORGI
FLORA,COLLIE BORDER MIX
HARPER,CAVAPOO
PAPPY,RETRIEVER LABRADOR
GRACIE,MALTESE POODLE MIX
LILLY,MALTESE POODLE MIX
PERSIA,EURASIER
VALPO,GOLDENDOODLE
LEONARDO (LEO),LABRADOODLE
CHLOE,TERRIER YORKSHIRE
JUICE,BULLDOG OLD ENGLISH
STELLA,RETRIEVER LABRADOR
RIZZO,SCHNAUZER MIX
JASPER,TERRIER WEST HIGHLAND
MINA,MIX
BELLA,SPANIEL COCKER MIX
SADIE,SCHNAUZER MINI
BEASLY,TERRIER
GEORGIO,POMERANIAN
DAISY,GOLDENDOODLE
LUCY,RETRIEVER GOLDEN MIX
NUGGET,RETRIEVER GOLDEN
MAX,YORKIE POO
OLIVER,TERRIER WEST HIGHLAND
LUNA,RETRIEVER LABRADOR
TEX,
MOOSE,MALTIPOO
FIRENZE,MIX
VALENTINO,ITALIAN SPINONE
KASHA,COCKAPOO
MAISIE,MIX
GOLDIE,RETRIEVER GOLDEN
SHIRLEY,RETRIEVER GOLDEN
SUNNY,POODLE STANDARD
LEW,LABRADOR MIX
TESS,GOLDENDOODLE
CHLOE,MALTIPOO
MAGGIE,LAB BLACK MIX
KOKO,SHEPHERD GERMAN
SHIP SHAPE,SHEPHERD LAB MIX
COMET,POODLE TOY
CELINE,RETRIEVER LABRADOR
SPIKE,CHIHUAHUA
COCOA,CHIHUAHUA
ROXIE,HAVANESE
PEPPER,HAVANESE
BODHI,POODLE MINI
LAYLA,LABRADOR MIX
BOO,TERRIER YORKSHIRE
RINGO,SHEPHERD AUSTRALIAN MIX
ISABELLA,TERRIER WEST HIGHLAND
BACI,LABRADOODLE
PEACHES,WHIPPET MIX
MILO,PUG
MAX,PUG
AXL,PORTUGUESE WATER DOG
ELIOT,TERRIER COLLIE MIX
BARNABY,HAVANESE
BEAR,LABRADOODLE
SOPHIE,HOUND MIX
DUKE,RETRIEVER GOLDEN
MADDIE,CORGI PEMBROKE WELSH
MELVIN,SHORKIE
MOOKIE,WESTIE
ALLIE,SHEEPDOG SHETLAND
JENNA,SHEEPDOG SHETLAND
KENNY,SPANIEL CAVALIER  KING CHARLES
JUNO,LABRADOODLE MINI
OBIWAN,WEIMARANER
MAISY,GOLDENDOODLE
BUMBLEBEE,BULLDOG FRENCH
LADYBUG,TERRIER WEST HIGHLAND
NEMO,GOLDENDOODLE
ZEUS,WELSH CORGI CARDIGAN
MAPLE SUGAR,GOLDENDOODLE
LUCY,WEIMARANER
SHADOW,PORTUGUESE WATER DOG
OLIVER,TERRIER CAIRN
JORDAN,
LEXI,TERRIER YORKSHIRE
LATTE,GOLDENDOODLE
PHOEBE,PUG
MILO,BOXER
COOKIE,BOXER MIX
MANI,WEIMARANER
CHARLIE,SHEPHERD HUSKY
MILO,SHEPHERD AUSTRALIAN MIX
BOSCO,LABRADOODLE
HOBBES,DACHSHUND
LENNY,GOLDENDOODLE
LONDON,TERRIER YORKSHIRE
DELLA,TERRIER MIX
LULU,BERNADOODLE
TOSHI,RHODESIAN RIDGEBACK
MISSY,RETRIEVER LAB MIX
HUANG HUANG,DOBERMAN PINSCHER
BELLA,PUG
HONEY,RETRIEVER LABRADOR
LUNA,RETRIEVER GOLDEN
COCO,LABRADOODLE
ROSCOE,POMERANIAN
BUDDY,CAVAPOO
WOLFGANG,RETRIEVER GOLDEN
TOBY,BICHON FRISE
ZOE,MALTIPOO
RUSSELL,LAB MIX
BERTIE,COCKAPOO
JOEY,COCKAPOO
COCO,TERRIER YORKSHIRE
NIMBUS,POMERANIAN MIX
TOREE,SHIH-TZU
COOKIE,POODLE
CLAUS,RETRIEVER LABRADOR
NOEL,WHIPPET
LIBERTY,PEKINGESE MIX
CHEWEE,PEKINGESE
CINDER,HAVANESE
DAKOTA,HUSKY MIX
LOLA,HAVANESE
HALLI,RETRIEVER LABRADOR
SARINA,DACHSHUND SPANIEL MIX
NINJA,RETRIEVER LAB MIX
KAYCEE,RETRIEVER GOLDEN
LILA,DACHSHUND WIREHAIR
PENNY,MIX
RUBY,GOLDENDOODLE
LILLY,TERRIER YORKSHIRE
PIPPA,TERRIER JACK RUSSELL
CHARLIE,MIX
ROXIE,GOLDENDOODLE
MAPLE,RETRIEVER LABRADOR
OLIVE,RETRIEVER LABRADOR
CHAPPY,LABRADOR MIX
QUINN,SHEPHERD GERMAN
MARVEL,PORTUGUESE WATER DOG
NADINE,CHIHUAHUA
MURPHY,RETRIEVER LAB MIX
LUCY,PUG MIX
TEDDY,GOLDENDOODLE
QUINCY,GOLDENDOODLE
OTIS,TERRIER SPANIEL MIX
CALLIOPE,RHODESIAN RIDGEBACK
TIKI,HAVANESE
GRACIE,BERNEDOODLE
SHADOW,RETRIEVER LABRADOR
BAXTER,COCKAPOO
LUCY,PUG
SUDO,GOLDENDOODLE
AGGIE,FOXHOUND MIX
KIZZY,COCKAPOO
NIKO,DACHSHUND MIX
DOLLY,HOUND MIX
BISOU,MALTIPOO
LILLY,MALTESE
BLAKE,BEAGLE MIX
MAYA,MIX
DAISY,RETRIEVER GOLDEN
LILY,RETRIEVER GOLDEN
DAISY,BICHON FRISE MIX
GINGER,RETRIEVER GOLDEN
CHEWIE,MIX
NOODLES,POODLE MIX
SHAY,SHEPHERD DUTCH
DAISY,BASSET HOUND MIX
GUS,LAB MIX
BOOMER,POODLE
RILEY,RETRIEVER CHESAPEAK
LEXI,RETRIEVER CHESAPEAK
JACQUELINE,POODLE MINI
MORTIMER,TERRIER BOSTON
LUKE,MALTESE MIX
LEO,WHIPPET
SCOUT,MIX
PIPER,VIZSLA
SNOWBALL,COCKAPOO
RUBY,DACHSHUND SMOOTH
TOTO,CATTLE DOG AUSTRALIAN   MIX
MARLO,RETRIEVER MIX
BRUNO,TERRIER SILKY
SAVANNAH,LABRADOR MIX
DAISY,MIX
MICKEY,RETRIEVER MIX
LUNA,GREAT DANE
KASEY,RETRIEVER LABRADOR
OTTO,HAVANESE
CUB,MIX
SMIDGEON,RETRIEVER LABRADOR
BO,TERRIER TIBETAN
HELIOS,POODLE STANDARD
TOBY,RETRIEVER LABRADOR
TAYTO,SPANIEL MIX
MAX,SHIH-TZU POODLE MIX
BONNIE,COLLIE  ROUGH COAT
IZZY,GOLDENDOODLE
HENRY,GOLDENDOODLE
CODY,TERRIER CAIRN
CAPTAIN JAMES MORGAN,LABRADOR
CAYMAN,GOLDENDOODLE
STELLA,RETRIEVER LABRADOR
CHEWEY,SHIH-TZU MIX
LOUI,VIZSLA
HAZEL,SHEPHERD MIX
COCO,HAVANESE
LILY,HAVANESE
JOEY,MALTESE
ROOKIE,COLLIE BORDER
BUDDY,MALTESE
MARLEY,RETRIEVER GOLDEN
BANJO,BULLDOG
PIBROCH,SETTER GORDON
MOLLY,PUG
MAX,RETRIEVER LABRADOR
VELA,CHIHUAHUA MIX
AGNES,PIT BULL MIX
YOSHI,POODLE TOY
KING BOO,POODLE TOY
KIRBY,POODLE TOY
COCO 2,LABRADOODLE
OREO,COCKAPOO
TIA,SPANIEL CAVALIER  KING CHARLES
HUNTER,SHIH-TZU KING CHARLES MIX
LUCAS,TERRIER YORKSHIRE
PUMPKIN,MALTESE
ROXY,CHIHUAHUA
CRICKET,POODLE MINI
ROSIE,TERRIER JACK RUSSELL
PENNY,TERRIER JACK RUSSELL
POPPY,HOUND MIX
GATSBY,TERRIER JACK RUSSELL
CHLOE,COLLIE BORDER
SCOUT,SHEPHERD AUSTRALIAN
MURPHY,GOLDENDOODLE
STRYKER,COCKAPOO
NORA,TERRIER WHEATEN
SCOUT,LABRADOODLE
ABBY,RETRIEVER GOLDEN
INDIANA,CAVACHON
PIERRE,PUG
CHARLEY,POODLE MIX
SUSI,SHIH-TZU
MARBLE,MORKIE
JUNO,RETRIEVER GOLDEN
PIPER,MIX
NINA,CHIHUAHUA MIX
CAESAR,SHEPHERD GERMAN
MOLLY,MIX
OSCAR,HOUND MIX
LILLY,POMERANIAN
LUCY,POMERANIAN
PHIN,SHEPHERD GERMAN
SVEN,SHEPHERD GERMAN
SAWYER,COCKAPOO
SHAGGY,POODLE MIX
CORTINA DOLCE,RETRIEVER GOLDEN
SYDNEY,BLUE HEELER MIX
CISCO,VISZLA
ZOEY,COLLIE BORDER MIX
JJ,CHIHUAHUA
OREO,LAB
COCO,LAB
PJ,TERRIER AIREDALE
CHILI,RETRIEVER DUCK TOLLING
BILBO,PIT BULL MIX
BELLA,POINTER
JUNO,PORTUGUESE WATER DOG
DRAKE,POINTER GERMAN SHORTHAIR
CHARLEY,RETRIEVER LABRADOR
MINDI,RETRIEVER MIX
MAGGIE,RETRIEVER LABRADOR
SAMUEL,RETRIEVER LABRADOR
TENZIN,POODLE STANDARD
LONDON,DACHSHUND MIX
LOLA,HAVAMALT
MARLEY,DACHSHUND
SADIE,BASSET HOUND
BEAUREGARD,BASSET HOUND
DOTTIE,BASSET HOUND
NUTMEG,BASSET HOUND MIX
HARLEY,SHEPHERD GERMAN
KIRBY,RETRIEVER
TEDDIE,TERRIER MIX
BAUER,SHEPHERD GERMAN
GRYPHON,RETRIEVER GOLDEN
BETSY,COLLIE BORDER MIX
SAMMY,MALTESE POODLE MIX
ROBBY,COCKAPOO
SUMMER,RETRIEVER LABRADOR
DEXTER,LABRADOODLE
GWEN,PUGGLE
CHLOE,BASSET HOUND MIX
SCOUT,TERRIER JACK RUSSELL
ZUEBIN,TERRIER YORKSHIRE
MISTY,LABRADOODLE
LEXI,YORKIE POO
HARLEY,LAB/BORDER COLLIE MIX
ROWAN,SPANIEL ENGLISH SPRINGER
BASIL,SPANIEL CAVALIER  KING CHARLES
FRANKIE,LABRADOR MIX
NORTON,NEWFOUNDLAND
WOLSEY,BULLDOG ENGLISH
BRUNO,MIX
COCO,MORKIE MIX
TEDDY,MORKIE MIX
BELLA,MORKIE
BELLA,SPITZ
HOLDEN,RETRIEVER GOLDEN MIX
TUCKER,AUSTRALIAN LABRADOODLE
FRONTIER,GOLDEN LAB
MOXIE,RETRIEVER GOLDEN
JOEY,HAVANESE
JOYA,HOUND SHEP MIX
SYDNEY,GOLDENDOODLE
PAPI,COCKAPOO
TOBY,DACHSHUND SMOOTH
LILY,CHIHUAHUA LONG COAT
ROXY,MIX
SHARPIE,SPANIEL COCKER MIX
PEANUT,GOLDENDOODLE
TOBY,LABRADOODLE
MONA,RETRIEVER LAB MIX
ANGEL,SPANIEL COCKER MIX
CHOCOLATE,PINSCHER MINI
HAYDEN,SPANIEL SPRINGER
GRETA,DOBERMAN PINSCHER
MOOKIE,DOBERMAN PINSCHER
SHADOW,POODLE
COOKIE,SPANIEL SPRINGER
MIO,COCKAPOO
PINOT,DACHSHUND
ALFIE,DACHSHUND L.H.
BEAN,SPANIEL CAVALIER  KING CHARLES
ZEE,LABRADOODLE
DUKE,WESTIE POO
NIKKI,RETRIEVER MIX
DOOLIE,TERRIER YORKSHIRE
LYLA,POODLE MINI
MOLLY,TERRIER WHEATEN
RIGBY,MIX
KOBA,BERNESE MOUNTAIN
BROCK,BULLDOG ENGLISH
ROMEO,BULLDOG ENGLISH
CYNDER,BOXER
GINGER,AUSTRALIAN LABRADOODLE
PATCHES,LABRADOODLE
LUNA,LHASA APSO
COPPER,SHEPHERD AUSTRALIAN MIX
TEDDY,TERRIER WELSH
FREYA,PORTUGUESE WATER DOG
IZZY,TERRIER MIX
BELLA,RETRIEVER
DUSTIN,LABRADOODLE
LOUIE,PIT BULL
LUCY,SPANIEL COCKER MIX
SILAS,RETRIEVER GOLDEN
LEXIE,TERRIER BORDER
SCHWENDI,BERNEDOODLE
MAGGIE,HAVANESE
JACK JACK,TERRIER YORKSHIRE
BARNEY,SPANIEL COCKER MIX
LILY,SPANIEL COCKER MIX
MASON,LABRADOR
PATCHES,SPANIEL ENGLISH SPRINGER
CHICO,HAVANESE
ROSITA,RETRIEVER GOLDEN
GUS,RETRIEVER GOLDEN
ELOISE,LABRADOR
HELEN,HAVANESE
MAGGIE,POODLE
WHISKEY,SPANIEL COCKER MIX
LUPE,MIX
LOGAN,MIX
GUS,MIX
DAISY,RETRIEVER LABRADOR
MUFFIN,SHIH-TZU MIX
BONGO,POODLE
HALLIE,POODLE MINI
MONROE,PUGGLE MIX
BUDDY,BULLDOG MIX
BROOKE,MORKIE
BAILEY,COCKAPOO
LUCY,LABRADOODLE
MUMA,COCKAPOO
MR. PUGGLES,PUGGLE
ALDER,LABRADOODLE
BARDA,RETRIEVER LAB MIX
BAXTER HARRY,DACHSHUND MIX
DAPHNE,SPANIEL CAVALIER  KING CHARLES
DUNCAN,SPANIEL CAVALIER  KING CHARLES
SNOWFLAKE,CAVACHON
OREO,CAVAPOO
SADIE,COONHOUND MIX
BEORN,COONHOUND MIX
SCHNITZEL,LABRADOODLE
RAVEN,TERRIER BOSTON
GENO,SHEPHERD GERMAN MIX
MACY,RETRIEVER LABRADOR
BRODY,RETRIEVER LABRADOR
QUINN,RETRIEVER LAB MIX
MADDIE,RETRIEVER LABRADOR
MOOKIE,GOLDENDOODLE
MAX,BEAGLE
LENNY,MIX
SCOUT,BERNESE MOUNTAIN MIX
WILLIE,LABRADOODLE
TIBBY,TERRIER TIBETAN
CHLOE,TERRIER YORKSHIRE
JJ,RETRIEVER LABRADOR
DAISY,RETRIEVER GOLDEN MIX
CHEWIE,AUSTRALIAN LABRADOODLE
REY,LABRADOODLE
CHARLIE,POODLE MIX
LUNA,GOLDENDOODLE
AUGGIE,TERRIER
MILA,RETRIEVER LABRADOR
MADDY,RETRIEVER GOLDEN
SADIE,MIX
LILY,PUG
BRADY,LABRADOODLE
MAGUIGHAN,SCHNAUZER MINI
MAX,SCHNAUZER MINI
LOLA,LAB MIX
BELLA,POODLE MINI
SPIKE,POODLE MINI
MAX,COCKAPOO
ROXY,RETRIEVER GOLDEN
BAILEY,BEAGLE MIX
GINGER,SHIBA INU
COOKIE,CHIHUAHUA
CHARLIE PICKLES,SPANIEL CAVALIER KING CHARLES
EVIE,HAVANESE
SCULLY,SCHNAUZER MIX
MILA,LABRADOODLE
PARKER,COCKAPOO
BUDDY,COCKAPOO
SADIE,RETRIEVER GOLDEN
DASHI,TERRIER CAIRN
PENNY,GOLDENDOODLE
CASCO,TERRIER CAIRN
WILSON,CAVAPOO
JET,RETRIEVER LABRADOR
CHUZZEY,SHIH-TZU MIX
GISELLE,LABRADOR MIX
ROCKY,DACHSHUND
LILY,CAVACHON
COOPER,PUGGLE
CHARLIE,LABRADOODLE
BIRCH,HUSKY
TUGGER,HUSKY
ROSCO,MIX
CHLOE,RETRIEVER GOLDEN
TOTO,PUG MIX
ROCKY,BEAGLE MIX
SLASH,TERRIER JACK RUSSELL
CHOCKY,RETRIEVER LABRADOR
COOPER,BICHON FRISE MIX
CALLAHAN,CAVAPOO
MIKE,GOLDENDOODLE
GUSTAV,HUSKY
SAKU,COLLIE BORDER MIX
OSO,COLLIE
JASPER,PUGGLE
CHLOE,PUGGLE
ROXIE,PORTUGUESE WATER DOG
RUBY,PORTUGUESE WATER DOG
HANK,BEAGLE MIX
KENZIE,RETRIEVER GOLDEN
SATYA,RETRIEVER GOLDEN
STANLEY,SATO
SILOH,HUSKY SIBERIAN
MIKKO,POODLE
CALLIE,RETRIEVER LABRADOR
NELLIE,GREAT PYRENEES
KIPPER,HOUND MIX
MAPLE,BERNEDOODLE
COCO,POODLE STANDARD
LANIE,SPANIEL COCKER MIX
BRUCE,SPANIEL COCKER MIX
MURDOCH,POODLE STANDARD
ROGER,TERRIER WEST HIGHLAND
WODDY,DACHSHUND
COOKIE,TERRIER MIX
RIDER,RETRIEVER GOLDEN
CHARLIE,COCKAPOO
BENNY,CHIHUAHUA MIX
JACK,SHIH-TZU MIX
TOVI,SHELTIE
JOEY,LABRADOODLE
LUCY,MALTESE
MILLIE,RETRIEVER GOLDEN
GERTIE,GOLDENDOODLE
FIONA,TERVUREN
WYATT,TERVUREN
ELLIE,RETRIEVER LABRADOR MIX
RILEY,BEAGLE
MOLLY,RETRIEVER GOLDEN
PEPPER,HOUND MIX
PRINCESS,TERRIER RAT
BELLA,MALTESE
STEFANIE,BULLDOG FRENCH
MAGGIE,RETRIEVER GOLDEN
KIKI,TERRIER WEST HIGHLAND
JAX,TERRIER WEST HIGHLAND
LUNA,GOLDENDOODLE
CHLOE,LABRADOODLE
FRANGO,SHEPHERD GERMAN
MANOLETTE,GALGO
MARILYN,GALGO
CALVIN,LABRADOR MIX
TILLY,GREYHOUND
COOKIE,CHIHUAHUA
FLASH,CHIHUAHUA SMOOTH
DEZ,COLLIE BORDER MIX
JUNEAU,MIX
SASSY,GOLDENDOODLE MINI
LEXI,LABRADOR MIX
TITO,CHIHUAHUA MIX
JUNO,COCKAPOO
FREDDY,POODLE MINI
JENKINS,RETRIEVER LABRADOR
DOUGAL,TERRIER CAIRN
CHARLOTTE,TERRIER YORKSHIRE MIX
JOSIE,PUG
TORPEDO,PINSCHER MINI
ALEXIE,HUSKY
LUNA,POMERANIAN
BOWIE,HUSKY MIX
NIKKI,HUSKY
RAMEN,POODLE MIX
JADEN,SHEEPDOG SHETLAND
JEDI,SHEEPDOG SHETLAND
FREYJA,HUSKY SIBERIAN
LOKI,HUSKY SIBERIAN
SAM,GOLDENDOODLE
BONNIE,LABRADOODLE
HOMER,RETRIEVER GOLDEN MIX
ELI,SCHNAUZER GIANT
MURRAY,PORTUGUESE WATER DOG
LYRA,MIX
SOLO,BRIARD
HOLLY,RETRIEVER LABRADOR
COOPER,SHEPHERD AUSTRALIAN MIX
DAISY,LAB MIX
ROONEY,RETRIEVER GOLDEN
GINGER,RETRIEVER MIX
BENTLEY,BULLDOG FRENCH
KIVA,RETRIEVER LABRADOR
MOMO,TERRIER BOSTON
JACKIE,TERRIER JACK RUSSELL
HAYDN,COCKAPOO
PEPPER,POODLE MIX
TUCKER,RETRIEVER GOLDEN MIX
MAGGIE,GOLDENDOODLE
SKIPPER,RETRIEVER GOLDEN
BAILEY,BEAGLE MIX
ABBY,TERRIER WELSH
TEDDY,TERRIER WELSH
SADIE,RETRIEVER LABRADOR
XIAO BAI,TERRIER WEST HIGHLAND
ZOE,GOLDEN CORGI
CALI,CHIHUAHUA MIX
AMA,SATO
GINGER,SCHNOODLE
FRISCO,RETRIEVER GOLDEN
MONROE,SPANIEL COCKER MIX
HOLLY,MALTIPOO
PERCY,BICHON FRISE
GABBY,LABRADOR
PUMPKIN,MALTESE
PJ,MALTESE
BAUER,RETRIEVER LABRADOR
TOMMY,LAB COLLIE MIX
KIBALI,COLLIE BORDER MIX
WINSTON,SPANIEL CLUMBER
PICCOLA,SPANIEL CAVALIER  KING CHARLES
SAM,COLLIE BORDER
ROXY,PIT BULL
TUCKER,RETRIEVER GOLDEN
FINLEY,CAVAPOO
CROSBY,SPANIEL CAVALIER  KING CHARLES
MAGGIE,PUG
CHESTER CARO,BEAGLE BASSET
FERGUS MACDONALD,TERRIER CAIRN
PARKER,RETRIEVER GOLDEN MIX
LULU,MIX
TUSKER,LABRADOR MIX
LUCY,LABRADOR BULLDOG MIX
SANDY,MIX
AMY,BOXER MIX
MONTY,BULLDOG MIX
OSCAR,LAB/PIT MIX
SASHA,TERRIER MIX
ROXIE,RETRIEVER ENGLISH LABRADOR
MADDIE,POODLE TOY
GUS,BEAGLE
JOLIE,HAVANESE
CUBBY,TERRIER YORKSHIRE
KORO,SHIBA INU
RAPHAEL,NEWFOUNDLAND
SUMMER,LABRADOR MIX
DENVER,RETRIEVER LAB MIX
JAMESON,LABRADOODLE
LEXIE,MIX
LITA,MIX
MEEKO,MIX
BODIE BAREFOOT,LABRADOODLE
LEXIE,HAVANESE
WILLOW,ITALIAN SPINONE
SHILOH,SHEEPDOG SHETLAND
TOMMY,COLLIE BORDER MIX
TINO,RETRIEVER LABRADOR
CHARLIE,RETRIEVER LABRADOR
SCOUT,RETRIEVER FLAT COATED
BAILEY,BEAGLE MIX
KARL,LABRADOR
MONTIE,MALTESE
ALFRED,COTON DE TULEAR
JOSEPH,COTON DE TULEAR
ACE,HUSKY MIX
GENEVIEVE,BEAGLE MIX
LEXI,LABRADOODLE
HOLLY,POODLE MINI
ATHENA,TERRIER WEST HIGHLAND
CLANCY,GREAT PYRENEES
DAISY,RETRIEVER LABRADOR
JUNIOR,POINTER GERMAN SHORTHAIR
PEBBLES,SPANIEL CAVALIER  KING CHARLES
BUDDY,SPANIEL CAVALIER  KING CHARLES
RILEY,TERRIER YORKSHIRE
FLOSSY,SCHNAUZER
LILA,SCHNAUZER MINI
SPENCER,MIX
LEO,LHASA APSO MIX
CHLOE,MORKIE
SAMMY,RETRIEVER MIX
CODY,MIX
TUCKER,RETRIEVER GOLDEN
LEO,HAVANESE
LUNA,GOLDENDOODLE
SHADOW,GOLDENDOODLE MINI
NYXIE,RETRIEVER GOLDEN
CECE,TERRIER RAT
BONSAI,LABRADOODLE
GARY,PEKINGESE
ATHENA,COTON DE TULEAR
PHINEAS,DACHSHUND
SAMMY,RETRIEVER GOLDEN
LOGAN,SPANIEL CAVALIER  KING CHARLES
CASPER,BICHON FRISE
KATE,RETRIEVER GOLDEN
PEPPER,PORTUGUESE WATER DOG
SUNDAE,HAVAPOO
BOO,TERRIER BOSTON
SADIE,HAVANESE
CLOVER,DACHSHUND MIX
ROSIE,SHEPHERD GERMAN MIX
JAKE,CORGI
MOLLY,CORGI
RUFUS,SHEPHERD MIX
SAM,LAB/BOXER MIX
MARLEY TAYLA,BOXER MIX
OREO,COLLIE BORDER
LUCY,MIX
WILLOW,SPANIEL BRITTANY MIX
BELLA,POINTER MIX
SMUDGE,COLLIE
ATTILA,MASTIFF FRENCH MIX
ZOE,COCKAPOO
BUDI,MALTESE
KODI,RETRIEVER GOLDEN
MAIYA,SHEPHERD GERMAN
TUCKER,RETRIEVER GOLDEN
SADIE,RETRIEVER GOLDEN
ROSIE,RETRIEVER GOLDEN
ZUZU,GOLDENDOODLE
WOOKIE,DORKIE
PIPPY,MALTESE
RUDY,SHEPHERD GERMAN
KAIYA,SPANIEL TIBETAN
MILO,SPANIEL TIBETAN
SCARLET,MALTIPOO
FELIX,LABRADOODLE
AROMA,POODLE TOY
MIGUEL,GOLDENDOODLE
WELLINGTON,SCHNAUZER MINI
KODI,RETRIEVER LABRADOR
NELLIE,TERRIER TIBETAN
GRACIE,RETRIEVER LAB MIX
TUCKER,SHIH-TZU
IKE,LABRADOR MIX
JACK,TERRIER MIX
GABBY,LABRADOODLE
SPYDER,WHIPPET
POE,WHIPPET
FEZZIK,MIX
APRIL,POODLE MALTESE MIX
MENDEL,RETRIEVER GOLDEN
JUNO,TERRIER BOSTON
ZELDA,AUSTRALIAN LABRADOODLE
RUBY,POMERANIAN
ZIGGY,LABRADOODLE
AMBER,RETRIEVER GOLDEN
BOOMER,LABRADOODLE
NELLY,GOLDENDOODLE
GRIZZLY,GOLDENDOODLE
BEAR,GOLDENDOODLE
BELLA MUTTLEY,MIX
ROTOR,POODLE MIX
WIMSEY,LABRADOR
SHINY,LABRADOR
DJANGO,AUSTRALIAN LABRADOODLE
JOIE,AUSTRALIAN LABRADOODLE
CHASE,COLLIE BORDER MIX
JETER,NEWFOUNDLAND
CODY,RETRIEVER GOLDEN
JESSA,RETRIEVER LABRADOR
HARRY,RETRIEVER GOLDEN
LING,RETRIEVER LABRADOR
SHERLOCK,PUG MIX
JACKSON,TERRIER JACK RUSSELL MIX
BRANDY,CAVACHON
RUDY,SAMOYED
CHARLIE,RETRIEVER LABRADOR
REESE,GOLDENDOODLE
MAXWELL,POODLE
AGGIE,RETRIEVER GOLDEN
LOUIS AKA LOUIE,CHIHUAHUA MIX
MILLIE,RETRIEVER LABRADOR
JJANG,MALTESE
ARIES,MIX
EMMETT,CORGI MIX
OLLIE,LABRADOODLE
CODY,RETRIEVER GOLDEN
PAYSLEIGH,GOLDENDOODLE
TEDDY,BICHON FRISE
CELLA,WELSH CORGI
VICTOR,WELSH CORGI
LUNA,RETRIEVER GOLDEN
MOZART,MALTESE
BELLE SUNSHINE,LABRADOODLE
CHARLEY,POODLE
SAM,POODLE TOY
WINNIE,GOLDENDOODLE
OLLIE,MIX
OBIE,MALTESE MIX
BAILEY,RETRIEVER GOLDEN
MARLEY,LABRADOR MIX
BUSTER,MIX
ROSCOE,SPANIEL TIBETAN
NELLIE,MIX
CALVIN,CHIHUAHUA MIX
BEAR,COCKAPOO
JAZZY KAYE,LABRADOODLE
RUBY KAYE,GOLDENDOODLE
LUCY,MIX
MONTY,LABRADOODLE
RILEY,RETRIEVER LABRADOR
AVA,GREAT PYRENEES MIX
SHASTA,HUSKY SIBERIAN
FINN,BULLDOG OLD ENGLISH
ASTRO,PORTUGUESE WATER DOG
BLAZE,NEWFOUNDLAND
BRIO,GOLDENDOODLE MINI
CLEMENTINE,RETRIEVER LABRADOR
TOY,LHASA APSO MIX
JAVA,LABRADOR
HUDSON,SPANIEL COCKER MIX
AUGIE,MALTESE POODLE MIX
TATE,TERRIER JACK RUSSELL MIX
XENA,CHIHUAHUA
NUGGET,SPANIEL COCKER MIX
ISLA,RETRIEVER GOLDEN
FERGUS,RETRIEVER GOLDEN
COCO,AUSTRALIAN LABRADOODLE
DUKE,MALTIPOO
JACKIE,WHIPPET LAB
TUCKER,TERRIER AUSTRALIAN MIX
CHOCOLATE,RETRIEVER BEAGLE MIX
NELLIE,VIZSLA
BROWNIE,TERRIER YORKSHIRE
SAGE,TERRIER TIBETAN
COOKIE,RETRIEVER GOLDEN
BENJI,TERRIER WHEATEN MIX
NUTMEG,CORGI MIX
BLACKIE,DACHSHUND
MARTY,TERRIER WEST HIGHLAND
COOPER,SHEPHERD AUSTRALIAN MIX
IZZIE,HAVANESE
BENJAMIN,RETRIEVER GOLDEN
JOY,PORTUGUESE WATER DOG
CHORONG,POODLE
BERRY,PEKAPOO
LUCY,BEAGLE
LEXIE,POODLE TOY
FIG NEWTON,TERRIER JACK RUSSELL
MORGAN LEFAYE,MIX
THEO,COCKAPOO
GINGER,VIZSLA
REGGIE THE WONDER DOG,RETRIEVER GOLDEN
SILKIE,GOLDENDOODLE
LARRY,LABRADOODLE
DUKE,BOXER MIX
EDDIE,TERRIER YORKSHIRE
CANDIE,YORKIE MIX
VIOLET,TERRIER YORKSHIRE
KIRBY,RETRIEVER GOLDEN
CADDIE,POODLE MIX
ELVIS,GREAT DANE
PIM,POMERANIAN
CLIFFORD,LABRADOODLE
SIENA,POODLE
VESPA,LABRADOR MIX
SCUTO,LABRADOR MIX
ZOEY,DACHSHUND MIX
CAEL,SPANIEL BRITTANY MIX
SNOWY,
JOEY,CHIHUAHUA MIX
ROXY,LABRADOR MIX
BEAR,RETRIEVER LABRADOR
DEE 2,TERRIER WEST HIGHLAND
BRADY,HAVANESE
CHUMMI,GREAT DANE
KAI,COCKAPOO
SAGO,SCHNOODLE
KYLA,RETRIEVER GOLDEN
LUNA,LAB MIX
LUCKY,GOLDENDOODLE
TEDDY,CATAHOULA MIX
NIKITA,TERRIER MIX
BELLI,MIX
FIONA,PUG
LOUIE,COCKAPOO
HANNAH,NEWFOUNDLAND
STAR,BOXER MIX
JOEY,SHETLAND SHEEP
LEXXI,DACHSHUND MIX
CHESTER,RETRIEVER DUCK TOLLING
CODY,LABRADOODLE
CARMEL,GREAT PYRENEES MIX
BRONZINO,POODLE STANDARD
LULU,PORTUGUESE WATER DOG
INDY,PORTUGUESE WATER DOG
TESSIE,COCKAPOO
BUBBA,PUB
SCAMP,LABRADOODLE MIX
CHOUNG CHOUNG,PEKINGESE
DA DA,PEKINGESE
JACK,CHIHUAHUA MIX
PEDRO,SCHNAUZER MINI
AMY,RETRIEVER LABRADOR
MAX,POMERANIAN MIX
BELLE,TERRIER CAIRN
BAXTER,SPANIEL CAVALIER  KING CHARLES
TOBY II,SPANIEL COCKER
SCOUT,RETRIEVER LABRADOR
CHIEF,SHEPHERD GERMAN
KASPER,BICHON FRISE
MARIAH,PUGGLE
JACK,RETRIEVER GOLDEN
SQUEAKY,BEAGLE MIX
ASHLEY,COONHOUND BLUE TICK
MAISIE,COONHOUND BLUE TICK
KUMA,LABRADOR
COSMO,AUSTRALIAN LABRADOODLE
OSCAR,LABRADOODLE
BELLA,TERRIER TIBETAN
COSMO,POINTER GERMAN SHORTHAIR
LIBBY,GOLDENDOODLE
DELILAH,COCKAPOO
VIVI,COTON DE TULEAR
MAX,SHEPHERD GERMAN
OLIVE,RETRIEVER LABRADOR
CLADDAGH,RETRIEVER LABRADOR
BO,LABRADOR MIX
MACY,MIX
RUFUS,SHEPHERD MIX
MAHO,GOLDENDOODLE
TUCKER,TERRIER TIBETAN
JASPER,
MAISIE,RETRIEVER GOLDEN
BRADY,COTON DE TULEAR
SUNNY,RETRIEVER GOLDEN
CHAZ,CHIHUAHUA
MAYA,MIX
ELLE,CHIHUAHUA MIX
STELLA,TERRIER MIX
BEAU,RETRIEVER GOLDEN
LEXI,COCKAPOO
MAYA,RETRIEVER GOLDEN
MOLLY,LABRADOODLE
TINK,RETRIEVER LABRADOR
LUCCA,SETTER ENGLISH
GUS,RETRIEVER LABRADOR
HANK,RETRIEVER LABRADOR
MAISY,LABRADOR MIX
CUPCAKE,CAVACHON
MICCO,CHINOOK
KODA,RETRIEVER GOLDEN
SULLIVAN,YORKIE POO
BRUIN,HAVAPOO MIX
EVA,SPANIEL COCKER MIX
HAPPY,BEAGLE
GAVIN,RETRIEVER GOLDEN
DES,TERRIER AMERICAN STAFFORSHIRE MIX
KAYA,LABRADOR MIX
MILO,BICHON FRISE
LACY,RETRIEVER MIX
HENRY,RETRIEVER LABRADOR
DAKOTA,RETRIEVER LABRADOR
CHEWIE,SHIH-TZU
STELLA,BEAGLE
SIMBA,POMERANIAN MIX
SIENNA,SHEEPDOG SHETLAND
ONYX,LAB/HOUND MIX
SAM,BOXER
TARA,RETRIEVER LAB MIX
BERTRAM,POODLE STANDARD
TUCKER,CAVAPOO
PEPPER,LABRADOR MIX
SCOUT,COLLIE BORDER
SPENCER,POODLE MINI
CILLY,BICHON FRISE
FLORA,CORGI PEMBROKE WELSH
AMY,TERRIER
BAILEY,LABRADOODLE
CODY,RETRIEVER LABRADOR
STORMIE,MIX
ZIGGY,POODLE STANDARD
LADY,PIT BULL MIX
HACHI,COCKAPOO
KOA,LABRADOODLE
NEVA,MIX
CHOCOLATE,SPANIEL CAVALIER  KING CHARLES
MAX,TERRIER BRAZILIAN
PRINCE,TERRIER WEST HIGHLAND
JADE,CATAHOULA MIX
PAXTON,CATAHOULA MIX
MARTA,WATERDOG SPANISH
SAGE,AUSTRALIAN COBBERDOG
BUDDY,CHIHUAHUA
TUCKER,TERRIER JACK RUSSELL
LUCY,LABRADOODLE
KK,POODLE TOY
PHOEBE,GOLDENDOODLE
TONI,MALTESE
SANDY,RETRIEVER GOLDEN
SHIWA,COCKAPOO
HAZEL,RETRIEVER GOLDEN
SADIE,HOUND MIX
PERCY,MALTESE
NIKKI,MIX
HERO,CHIHUAHUA LONG COAT
VINNIE,LABRADOODLE
TESSA,BEAGLE
COPPER,BEAGLE
BANDIT,COLLIE MIX
SIDNEY,RETRIEVER LABRADOR
JINXY,PUG
BLUE,RETRIEVER GOLDEN
MUZZY,LABRADOODLE
JUNO,RETRIEVER LAB MIX
BERNIE,TERRIER MIX
GATSBY,WHIPPET
BLU,COCKAPOO
FINLEY,LABRADOODLE
BELLA,SHIH-TZU MIX
BAILEY,MALTIPOO
CINNA,RETRIEVER GOLDEN
GIGI,DACHSHUND L.H.
BARLEY,DACHSHUND
CHOCHI,RETRIEVER GOLDEN
WAI WAI,SHIH-TZU
TOTO,POODLE TOY
SCOUT,COCKAPOO
PEPPER,NEWFOUNDLAND
KIWI,NEWFOUNDLAND
TUPAC,COLLIE BORDER
ENZO,TERRIER SCOTTISH
HASHBROWN,POODLE MINI
TIKI,PUGGLE
WILSON,RETRIEVER GOLDEN
COOKIE,MALTESE
SAM,LABRADOR SHEPHERD MIX
KOJI,LABRADOODLE
CHLOE,CHIHUAHUA
ROCKY,TERRIER BOSTON
LAILA,PAPILLON
MAYA,PAPILLON
TIN TIN,MALTIPOO
OPHELIA,PUG
KENNEDY,PUGGLE MIX
AMBER,GOLDENDOODLE
MOLLY,COCKAPOO
MADDIE,SATO
QUINCY,CHIHUAHUA MIX
PIPPIN,POODLE MINI
MERRY,POODLE MINI
PICKLE,TERRIER MIX
BLUE,MIX
RODDICK,MIX
ELVIS,RETRIEVER GOLDEN
ELVIS,RETRIEVER LABRADOR
REDFORD,SPANIEL CAVALIER  KING CHARLES
PIPER,LABRADOODLE
ROO,LAB/HOUND
OREO,SHIH-TZU
BRUSCHI,VIZSLA
ELLIE MAE,BOXER MIX
BRUNO,AUSTRALIAN LABRADOODLE
GUS,LABRADOR
CHANCE,RETRIEVER GOLDEN
LACEY,COTON DE TULEAR
POLAR,GREAT PYRENEES
DOUGLAS,RETRIEVER GOLDEN
KOTA,POINTER MIX
JUNO,POINTER MIX
WILLOW,SCHNAUZER MINI
JOEY,LABRADOR MIX
RYLIE,RETRIEVER LABRADOR
LOLA,RETRIEVER LABRADOR
NOVA,LAB MIX
MARGOT,TERRIER JACK RUSSELL
NENA,POINTER MIX
MAGGIE,TERRIER MIX
BRIAN,RETRIEVER LABRADOR
WILLIE,TERRIER SILKY
TASHA,HUSKY SIBERIAN
DEXTER,BOXER
BUDDY,SPANIEL CAVALIER  KING CHARLES
LILY,COCKAPOO
MILO,COLLIE BORDER MIX
RILEY,RETRIEVER LABRADOR
PIPER,CHIHUAHUA MIX
SPEEDY,CHIHUAHUA
JACKSON,RETRIEVER LABRADOR
MAYA,PUGGLE
MARLEY,TERRIER YORKSHIRE
REX,TERRIER YORKSHIRE
SADIE,BERNESE MOUNTAIN
CINDY MAE,POODLE TOY
RUSTY,SPANIEL COCKER MIX
TIKI,MIX
CALVIN,RETRIEVER GOLDEN
EDDIE,SPANIEL CAVALIER  KING CHARLES
CHARLESTON,SPANIEL CAVALIER  KING CHARLES
WALKER,MIX
BOONE,NEWFOUNDLAND
SHADOW,LAB RETRIEVER MIX
MACY JO,RETRIEVER LABRADOR
MARIN,TERRIER AIREDALE
BODE,LABRADOODLE
BUDDY,CHIHUAHUA
WINNIE,HAVANESE
LILY,BOXER MIX
BETSY,SHEEPDOG ICELANDIC
SCOUT,SHEEPDOG
ROY,SHEEPDOG
BROOKE,
PANDA,
STELLA,TERRIER TIBETAN
RUBY,TERRIER TIBETAN
CHARLOTTE,COCKAPOO
IZZY,RETRIEVER LABRADOR
GRETA,SHEPHERD GERMAN
SKYE,COLLIE BORDER MIX
OSCAR,RETRIEVER GOLDEN
OREO,TERRIER RAT
MAGGIE,RETRIEVER GOLDEN
MIA,RETRIEVER LAB MIX
BUCKY,COCKAPOO
DAISY,WHOODLE
JOHNNY,HAVANESE
STELLA,CORGI SHETLAND MIX
DAISY,LABRADOODLE
BEATRICE,LABRADOODLE
SCOUT,WELSH CORGI PEMBROKE
CASEY,SPANIEL
BECKETT,RETRIEVER GOLDEN
CHIP,RETRIEVER GOLDEN
ATLAS,BOXER MIX
INDIA,BERNESE MOUNTAIN
STANLEY,POODLE MINI
BINGO,TERRIER MIX
MOSHI,TERRIER WELSH
BROOKLN,TERRIER PIT BULL
CLEO,COCKAPOO
CHAARKIE,TERRIER SOFT WHEATEN
DORRIE,COLLIE BORDER
KAIDA,COLLIE BORDER
KOBEE,COLLIE MIX
RORY,TERRIER WELSH
ISABELLE,PORTUGUESE WATER DOG
GRONK,SHEEPDOG MIX
ORTIZ,CAVACHON
BARON,RETRIEVER LABRADOR
MACK,RETRIEVER LABRADOR
BREWSTER,GOLDENDOODLE
CARLEY,COLLIE BORDER MIX
MURPHY,TERRIER JACK RUSSELL
TOFU,SHIBA INU
MAGGIE,COLLIE
MULLIGAN,RETRIEVER LABRADOR
MAGOO,RETRIEVER LABRADOR
NOVA,MALTIPOO
INDY,BEAGLE MIX
ECHO,LABRADOODLE
CASSIE,POODLE MINI
DYLAN,SHEPHERD AUSTRALIAN MIX
ZIGGY,SHEPHERD AUSTRALIAN MIX
FIONA,SHEEPDOG SHETLAND
ELLIE,SHIH-TZU
KASHU,SHIBA INU
NALA,SHEPHERD GERMAN
WILBUR,LAB MIX
MAX,TERRIER YORKSHIRE
CALI,SCHNAUZER MINI
KITTU,PUGGLE
MOOKIIE,SHEPHERD AUSTRALIAN MIX
IZZIE,SHEPHERD AUSTRALIAN MIX
MARLEY,LAB RETRIEVER MIX
OLLIE,GOLDENDOODLE
TUCKER,BEAGLE MIX
CARLOS,TERRIER BOSTON
RUBY,AUSTRALIAN LABRADOODLE
BELLA,SCHNAUZER MINI
NISHA,RETRIEVER LABRADOR
TUCKER,SPANIEL MIX
VISTA,RETRIEVER LABRADOR
PEPPER,RETRIEVER LABRADOR
CANDY,SHIH-TZU
CHASE,AUSTRALIAN LABRADOODLE
CLYDE,RETRIEVER LAB MIX
TOBY,TERRIER BORDER
BERNIE,SHEPHERD BOXER MIX
MAISIE,TERRIER WEST HIGHLAND
MONTY,PUG
PIXEL,TERRIER MIX
OLIVER,BEAGLE MIX
TUCKER,RETRIEVER MIX
GRETEL,DACHSHUND L.H. MINI
ANNIE,SATO
BRADY,RETRIEVER MIX
CALLIE,CATTLE DOG AUSTRALIAN
EMMIE,SHEPHERD AUSTRALIAN MIX
FINLEY,GREAT PYRENEES MIX
COOKIE,SHIH-TZU
PENNY,RETRIEVER LABRADOR
PHOEBE,CHIHUAHUA
LUNA,BOXER MIX
HOUSEN,CHI MIX
BRADY,SHIH-TZU
MAGGIE,SHEPHERD GERMAN
RUBY,RETRIEVER LABRADOR
JOEY,SPANIEL SPRINGER
MARLEY,RETRIEVER GOLDEN MIX
COCO,LABRADOODLE
MOXIE,SAMOYED
BODHI,RETRIEVER GOLDEN
LOLA,GOLDENDOODLE
OBI,SPANIEL CAVALIER  KING CHARLES
MILO,BERNESE MOUNTAIN
OSO,BERNESE MOUNTAIN
BUDDY,BEAGLE MIX
IOLO DDU,BRIARD
ROOKIE,MIX
OLLIE,SPANIEL CAVALIER  KING CHARLES
ZEUS,SPANIEL CAVALIER  KING CHARLES
TUCKER,MIX
GRACE,MIX
RUFUS,LABRADOR MIX
RAE,MIX
LORA,LAB RETRIEVER MIX
WELLINGTON,SPANIEL SPRINGER
KILAUEA BLUE,CAROLINA
GAUCHO,SHIH-TZU MIX
LUCKY,TERRIER MIX
PHOEBE,HOUND BASSET
NIKO,TERRIER YORKSHIRE
OLIVER,LABRADOODLE
BESSIE,SHIH-TZU
TEDDY,GOLDENDOODLE
ZEUS,COCKAPOO
GUS,RETRIEVER LABRADOR
SADIE,RETRIEVER CHESAPEAK
KOBE,VIZSLA
FENWAY,COCKAPOO
RANGER,DACHSHUND MIX
ROSIE,LABRADOR
ELLIE HEALY,CAVACHON
BAXTER,POODLE MIX
LULU,SPANIEL CAVALIER  KING CHARLES
FREDERICK,SPANIEL CAVALIER  KING CHARLES
DALAI,TERRIER TIBETAN
LUNA,WEIMARANER
HERO,TERRIER JACK RUSSELL
MARGOT,GOLDENDOODLE
GINGER,GOLDENDOODLE
MACEY,RETRIEVER GOLDEN
STELLA,COTON DE TULEAR
TOOTSIE,RETRIEVER LABRADOR
AJAX,SHEPHERD MIX
ANNIE,HAVANESE
GEORGIA,LABRADOR MIX
TULIP,BEAGLE
LUCY,COCKAPOO
LUCKY,RETRIEVER GOLDEN
BUDDY,LABRADOODLE
BAILEY,CAVACHON
RALPHIE,SHIH-TZU
EMMA,TERRIER BOSTON
BAILEY,BEAGLE
LILY,CHIHUAHUA
LAYLA,POODLE TOY
DAISY,COCKAPOO
BOGART,BULLDOG
TYLER,RETRIEVER LABRADOR
CARL,HAVANESE
LAYLA,DALMATIAN MIX
TECO,DACHSHUND
COOPER,SHEPHERD MIX
MAGGIE,SPANIEL BRITTANY MIX
ROSIE,RETRIEVER GOLDEN
LULA,COCKAPOO
RAFFERTY,COCKAPOO
HALEY,BICHON FRISE
TOBY,SPANIEL COCKER
CHARLIE,TERRIER WHEATEN
LOUIS,SCHNAUZER MINI
TINY,MALTESE
MIO,NORWEIGAN ELKHOUND
MOMO,NORWEIGAN ELKHOUND
HUNTER,RETRIEVER GOLDEN
ROOTIE,COCKAPOO
NELLIE,COCKAPOO
TUCKER,RETRIEVER GOLDEN
ALBERT,SHEEPDOG POLISH
KAJSA,BOXER MIX
BO,POMERANIAN
COMET,CHINESE CRESTED
ROSCO,SCHNOODLE
LULU,RETRIEVER MIX
CHLOE,MIX
JASPER,MUSTERLANDER SMALL
TESS,MUSTERLANDER SMALL
FRANKIE,TERRIER
COOKIE,PUGGLE
LUCY,TERRIER AMSTAFF
TRIXIE,BICHON FRISE
COOPER,BULLDOG FRENCH
COOKIE,POODLE
ROBIE D,SPANIEL BRITTANY MIX
LUNA,LABRADOR BLACK MIX
MOCHA,LABRADOODLE
CODY,LABRADOODLE
GRACE O'MALLEY,RETRIEVER GOLDEN
GRACIE,TERRIER WEST HIGHLAND
BOO BOO,MIX
ASH,PUG MIX
DELTA,PUG MIX
ROZZIE,LABRADOODLE
KHALEESI,SHARPEI
OLIVE,TERRIER YORKSHIRE
AUTUMN,SPANIEL MIX
MAYA,RETRIEVER LABRADOR
CHESTER,SPANIEL COCKER MIX
EVIE,COLLIE BORDER
BAXTER,SCHNAUZER MINI
WATSON,GOLDENDOODLE
CHARLIE,RETRIEVER LABRADOR
ALBUS,RETRIEVER GOLDEN
MAEBY,RETRIEVER GOLDEN
TEAGAN,MALTIPOO
MILA,MALTIPOO
CASEY,RETRIEVER GOLDEN
TASHMOO,GOLDENDOODLE
BUDDY,SHEPHERD GERMAN
RUSTY,SHEPHERD GERMAN
SOPHIE,TERRIER YORKSHIRE
MAGGIE,LABRADOR MIX
CODY,SPANIEL COCKER MIX
GINGER,SPANIEL COCKER MIX
KODA,LABRADOR
FRANKIE,TERRIER BOSTON
TUUKKA,SPANIEL CAVALIER  KING CHARLES
ANNIE,SHIH-TZU
LILY,SHEPHERD GERMAN
ELLE,HOUND MIX
LILY,LABRADOODLE
PRINCE,SPANIEL CAVALIER  KING CHARLES
DELILAH,LABRADOR POODLE MIX
REBA,COCKAPOO
CASPER,SHEPHERD AUSTRALIAN  MINI
JEB,TERRIER BOSTON
RAEPHY,LABRADOODLE
SCOUT,RETRIEVER GOLDEN
DAKOTA,AMERICAN ESKIMO
TITO,CAVACHON
ZEUS,LABRADOR MIX
STELLA,MIX
ARCHIE,RETRIEVER MIX
BRACKEN,LABRADOODLE
MUGGSY,PUG
MAXI,COTON DE TULEAR
EEVEE,BICHON FRISE
BABY,CHOW MIX
DEXTER,MIX
MADDIE,MALTESE
CHARLIE,MALTESE
KATIE,COCKAPOO
BROWNIE,SHIH-TZU POODLE MIX
EVA,MIX
MOKA,MIX
MICAH,POODLE STANDARD
JETHRO,COCKAPOO
ZARA,BOXER MIX
CALI,LABRADOR MIX
TRUFFLE,GOLDENDOODLE
APRIL,CAVACHON
LEXIE,RETRIEVER GOLDEN
BARKLEY,RETRIEVER LABRADOR
MAGGIE,WEIMARANER
PINKMAN,GREYHOUND
PRINCESS,MALTESE
JULIUS,GOLDENDOODLE MINI
OLIVER,PAPILLON
BAILEY,RETRIEVER GOLDEN
DOLSA,BERNESE MOUNTAIN
DAISY MAE,BOXER MIX
ANGEL,RETRIEVER LABRADOR
ANGELO,SPANIEL CAVALIER  KING CHARLES
ARCHER,LABRADOODLE
JACK,POODLE MIX
GRACIE,DACHSHUND
MELANIE,CATTLE DOG AUSTRALIAN
LEO,MIX
JULES,COCKAPOO
IZZY,SCHNAUZER MINI
TOOTIE,BULLDOG ENGLISH
BARNABY,POODLE MIX
ALI BABA,SHIH-TZU
BAILEY,BULLDOG FRENCH
PENNY,RETRIEVER LABRADOR
PEPPER,SCHNAUZER MINI
BUNNY,RETRIEVER LAB MIX
BRADY,GOLDENDOODLE
SARGE,SHEPHERD GERMAN
ANNIE,BEAGLE
BENTLEY,BEAGLE MIX
BOWIE,LAGOTTO ROMAGNOLO
PHOEBE,RETRIEVER LAB MIX
SOPHIE,BICHON FRISE
YOKO,AKITA
PIPPA,SPANIEL COCKER MIX
ZEKE,RETRIEVER GOLDEN
MURPHY,GOLDENDOODLE
SUMMER,GOLDENDOODLE
ZADIE,POODLE STANDARD
SYDNEY MAY,LABRADOODLE
PENNY,CAVACHON
MARLO,COTON DE TULEAR
NALA,RETRIEVER GOLDEN MIX
LILLIAN,RETRIEVER GOLDEN
ROY,CORGI MIX
KHALEESI,HAVANESE
LUCIE,SHIH-TZU
CHLOE,RETRIEVER LABRADOR
JACK,HUSKY MIX
MOCHI,LABRADOR MIX
WILEY,CHIHUAHUA MIX
MOJAVE,CHIHUAHUA MIX
PEPPER MCBEE,LABRADOODLE
GEORGE,LABRADOODLE
SAM,SETTER ENGLISH
NINA,MALTESE
ANNIE,GOLDENDOODLE
OLLIE,DACHSHUND
LYRA,BEAGLE MIX
BOOTS,SHEPHERD GERMAN MIX
DIESEL,RETRIEVER LABRADOR
DUKE,CHIHUAHUA
ELLA,LABRADOR MIX
LEO,SPANIEL COCKER MIX
COCO,GOLDENDOODLE
GEORGIA,MIX
ROSIE,RETRIEVER GOLDEN
TRUDY,COCKAPOO
JAZMINE,POODLE STANDARD
CLOUSEAU,LABRADOODLE
WOLFIE,BICHON FRISE
BUDDY,GOLDENDOODLE
LOLA,SCHNAUZER MINI
TESSIE,SCHNAUZER MINI
SPENCER,RETRIEVER LABRADOR
BAILEY,RETRIEVER LABRADOR
TIG,CHIHUAHUA MIX
KENYA,HUSKY MIX
SKYE,SHEPHERD AUSTRALIAN MIX
MAX,MIX
ADELAIDE,GOLDENDOODLE
PRESTON,SHIH-TZU
MADDY,SETTER ENGLISH
LILLY,SETTER ENGLISH
KATIE,POODLE BRUSSELLS MIX
BUSTER,GOLDENDOODLE
ROCCO,BULLDOG ENGLISH
MEMPHIS,SHEPHERD GERMAN
AVIVA,BERNESE MOUNTAIN
RYLEE,RETRIEVER LABRADOR
FYN,RETRIEVER GOLDEN
MUZZEY,LABRADOODLE
RUSTY,VIZSLA
BENJI,RETRIEVER MIX
RUBY,MIX
MAX,MIX
CRYSTAL,RETRIEVER GOLDEN
CHAI,HUSKY ALASKAN
CHARLIE,LABRADOODLE
CHRYSTA,GOLDENDOODLE
TEDDY,SPANIEL COCKER MIX
OSCAR,BOXER MIX
LUCY,BEAGLE
DARWIN,BEAGLE MIX
CALVIN,BOXER
IZZY,SHEPHERD HOUND
BELLA,LABRADOODLE
BELLA,LAB/HOUND MIX
SAMPSON,SETTER ENGLISH
LEXIS,LABRADOR
LOGAN,LABRADOODLE
LUCITA,DACHSHUND
WAYLON,BEAGLE
BAILEY,GOLDENDOODLE
WILEY,RETRIEVER GOLDEN
FIDALGO,BEAGLE
AENYA,RETRIEVER MIX
PEPPER,TERRIER BORDER MIX
EVIE,BICHON SHIZU MIX
BRUNO,SHIH-TZU MIX
FINLEY,LABRADOODLE MIX
MAC,TERRIER MIX
BUBBA,RETRIEVER LABRADOR
MICKEY,HAVANESE
CODY,RETRIEVER LABRADOR
NICKI,TERRIER WEST HIGHLAND
CASSIE,DOUBLE DOODLE
OSCAR,DACHSHUND L.H.
YOGI BEAR,RETRIEVER MIX
RIDI,POODLE TOY
JACKSON,RETRIEVER GOLDEN
CHARLIE,RETRIEVER GOLDEN
KALA,RETRIEVER GOLDEN
MAC,BULLDOG FRENCH
OLLIE,POODLE CHINESE CRESTED MIX
DUNCAN,SHEPHERD MIX
LILY,TERRIER JACK RUSSELL MIX
TRIXIE,MASTIFF MIX
PURPLE,PIT BULL
JAXSON,TERRIER MIX
CAMILLA,PINSCHER MINI
LYLA,LABRADOR MIX
OGDEN,RETRIEVER LABRADOR
FRODO,SPANIEL CAVALIER  KING CHARLES
GUS,RETRIEVER GOLDEN
MOCHA LATTE CHIP,TERRIER YORKSHIRE
LUNA,SHEPHERD GERMAN MIX
PENNY,PEKAPOO
TEDDI,GOLDENDOODLE
INDIE,RETRIEVER LABRADOR
OLIVER,LABRADOODLE
NOGGIN,LABRADOODLE
TAYLOR,GOLDENDOODLE
ROXY,SHEPHERD MIX
LYLA,RETRIEVER LABRADOR
LOKI,GREAT PYRENEES MIX
LICHI,PUG
GRIFFIN,TERRIER TIBETAN
MARURU,SPANIEL COCKER MIX
MISHKA,RETRIEVER LABRADOR
GORBY,SHEPHERD AUSTRALIAN MIX
BELLA,LABRADOR MIX
PIXEL,RETRIEVER LABRADOR
CALYPSO,RETRIEVER LABRADOR
"MADDISON ""MADDY"" RUBIN",MALTESE
WHISPER,COLLIE BORDER
BAILEY,DACHSHUND MIX
CHAOS THEORY,PORTUGUESE WATER DOG
MACARONI,BICHON FRISE
CRAIG,LABRADOR
ATTICUS,PUGGLE
TRUMAN,SHELTIE
GUNNER,SETTER ENGLISH
REBEL,SETTER ENGLISH
BLAKE,TERRIER SOFT COATED
LUKE,RETRIEVER GOLDEN
TUCKER,LAB/HOUND
ROSIE,SHEPHERD MIX
BEA,TERRIER BOSTON
SHADOW,LAB MIX
FERRIS,BEAGLE MIX
ESME,MIX
DENNY,SCHNOODLE
DELILAH,LABRADOODLE
DESI,HAVANESE
CHIP,TERRIER YORKSHIRE
KENZIE,LABRADOODLE
GIO,RETRIEVER LABRADOR
SIMBA,HAVANESE
LUCY,MALTESE
PEBBLES,MALTESE
TUCKER,MI-KI
LEXI,MI-KI
FIONA,BELGIAN MALINIOS
ZIGGY,
PIPPIN,POODLE
BEN,POODLE TOY
HARRIET,POODLE STANDARD
LOONA,TERRIER CAIRN
PYJAMA,POODLE MIX
LEXINGTON,COTON DE TULEAR
SHADOW,SPANIEL COCKER MIX
OLIVER,COCKAPOO
LUCY,LABRADOR MIX
MAX,MIX
COCO,HAVANESE
ROCKY,PAPILLON
BRADY,RETRIEVER LABRADOR
BAILEY,BEAGLE MIX
PIPPA,LABRADOODLE
SEAMUS,LABRADOODLE
SNOWY,LAB/GREAT PYRENEES MIX
NOODLES,PUG
BEAU,POODLE TOY
ZUZU,LABRADOODLE
WILLIE,CHIHUAHUA
MICRO,HAVANESE
ZOEY,MIX
LUCY,WELSH CORGI PEMBROKE
LILY,COCKAPOO
BERKLEY,RETRIEVER GOLDEN
GUS,SPANIEL COCKER MIX
MISHA,POODLE STANDARD
ACE,POINTER MIX
NELLIE,HOUND MIX
GINNY,SPANIEL MIX
COCO,SCHNOODLE
CHARLEY,PUGGLE
NOVA,MIXED
YOGI,
ASHER,BOXER MIX
BAILEY,BEAGLE
BOSLEY,AFFENPINSCHER
LUNA,RETRIEVER LABRADOR
NELLIE,CHIHUAHUA
BELLA,BICHON FRISE
ANNIKA,RETRIEVER GOLDEN
AZA,TERRIER TIBETAN
CHAPLIN,LABRADOODLE
BAILEY,BEAGLE MIX
MAGGIE,COTON DE TULEAR
ENZO,VIZSLA
KOBE,LABRADOR MIX
DAISY,LAB/SHEP MIX
MOLLY,COCKAPOO
RIVET,HUSKY SIBERIAN
WINGNUT,HUSKY SIBERIAN
TROUBLE,SHIBA INU
FENWAY,COCKAPOO
SCRAPPY,TERRIER MIX
AUGGIE,LABRADOODLE
PEPPER,LABRADOR MIX
RILEY,TERRIER CAIRN
PRICILLA,POODLE MINI
LUKE,LAB/PHARAOH HOUND
YODA,PINSCHER MINI MIX
GARY,MALTESE
WALTER,BICHON SHIZU MIX
MAZEL,TERRIER SOFT WHEATEN
WINNIE,PUG
SADIE,LABRADOR MIX
NUGGET,LABRADOODLE
GIGI,MALTESE
BRADY,TERRIER YORKSHIRE
RUDY,LABRADOR MIX
KIPPER,BEAGLE MIX
LUCY,POINTER GERMAN SHORTHAIR
RAISIN,SPANIEL ENGLISH SPRINGER
MAPLE,COCKAPOO
SOPHIE ANNE,BICHON FRISE
APRIL,HAVANESE
CODY,TERRIER WELSH
MILO,SHEPHERD LAB MIX
MOLLY,LABRADOODLE
ZOEY,POODLE
DOMINO,HAVANESE
ZOEY,LABRADOR GOLDEN MIX
ROZI,MALTESE
IZZI,MALTESE
FINN,SPANIEL BRITTANY MIX
LUNA,
SOX,CATTLE DOG
BILLU,COCKAPOO
FERDINAND,BOXER MIX
LILY,LABRADOODLE
LULU,LABRADOR
SABAR,LABRADOODLE
IVY MENON,RETRIEVER LABRADOR
CORY,BICHON FRISE
FEJJIE,GOLDENDOODLE
BERNIE,GOLDENDOODLE
FIFI,SHEEPDOG
MIKA,TERRIER WHEATEN
LUCY,TERRIER JACK RUSSELL MIX
LIAM,TERRIER JACK RUSSELL MIX
CARL,MIX
BIANCO,MIX
MOLLY MAE,MIX
BEAU,RETRIEVER GOLDEN
STELLA,BULLDOG FRENCH
STELLA,COLLIE BORDER MIX
HOUSTON,BOXER
APPA,SHEEPDOG ICELANDIC
TJULLA,SHEEPDOG ICELANDIC
CHARLIE,LABRADOODLE
OREO,LABRADOODLE
KAYLEE,POINTER GERMAN SHORTHAIR
LEELA,POODLE
MANNY,POMERANIAN
ELLIE,MIX
LUCY,TERRIER MIX
AUDIE,WEIMARANER
LILY,POMERANIAN
MAIA,POINTER MIX
LEXI,CHIHUAHUA MIX
KYLIE,TERRIER CAIRN
REINA,HOUND MIX
MIKO,MIX
AUSTIN,RETRIEVER LABRADOR
CHARLIE,SHEPHERD AUSTRALIAN
SAM,BICHON FRISE MIX
GIGI,GOLDENDOODLE
HUDSON,SPANIEL BRITTANY MIX
MISSY,SHEPHERD AUSTRALIAN MIX
JACKSON,RETRIEVER GOLDEN MIX
SUME,RETRIEVER LABRADOR
BAXTER,TERRIER CAIRN
PIPER,GOLDENDOODLE
BENJI,POM/CHI
GEORGIE,RETRIEVER GOLDEN
SKYLAR,YORKIE POO
BAXTER,TERRIER BOSTON
BUBBY,CHIHUAHUA MIX
GOLDIE,RETRIEVER GOLDEN
CYAN,TERRIER TIBETAN
CJ,CATTLE DOG AUSTRALIAN
JACK,MALTESE
LILY,MALTESE
SCOUT,LABRADOR
IZZY,RETRIEVER LABRADOR
ROSCOE,TERRIER WEST HIGHLAND
BAUER,HAVANESE
BELLA,HAVANESE
HEIDI,LABRADOR MIX
MOOSE,TERRIER BOSTON
SCARLET,RETRIEVER LABRADOR
KYRA,RETRIEVER GOLDEN
TOBY,COCKAPOO
DONNER,COCKAPOO
MADDUX,RETRIEVER GOLDEN
REAGAN,LABRADOODLE
DIXIE,SETTER ENGLISH
SUNSHINE,LABRADOR
MILO,LABRADOR
MUFFIN,SHIH-TZU
ORLA,RETRIEVER MIX
YAWNY,SHEEPDOG AUSTRALIAN MINI
LEXI,RETRIEVER GOLDEN
DAISY,HUSKY SIBERIAN
MOOKIE,RETRIEVER LABRADOR
PATACHON,DACHSHUND
PAPI,MIX
KALI,BERNESE MOUNTAIN
LILY,RETRIEVER GOLDEN
SPARKY,CORGI PEMBROKE WELSH
MAYPO,SHIBA INU
RAGA,GOLDENDOODLE
THEODORA II,SHELTIE
SANDY,SATO
CLEMENTINE,SHELTIE
CODY,SHELTIE
SASHA,SPANIEL CAVALIER  KING CHARLES
MILO,SPANIEL CAVALIER  KING CHARLES
TUCKER,RETRIEVER GOLDEN
LOGAN,KOOIKERHONDJE
WILLIE BIGGLES,CHIHUAHUA MIX
ANDY,DACHSHUND
OSCAR,SPANIEL CAVALIER  KING CHARLES
GINGER,COCKAPOO
CHERIE,TERRIER BORDER
MISO,GOLDENDOODLE
CLYDE,HOUND MIX
SNOWY,RETRIEVER GOLDEN
GINGER,TERRIER SOFT WHEATEN
WHISKEY,TERRIER SOFT WHEATEN
RAVEN,SPANIEL CAVALIER  KING CHARLES
RIGBY,SHEPHERD AUSTRALIAN MIX
LUCY,DACHSHUND MIX
NENA,LABRADOR MIX
TUCKER,SPANIEL BRITTANY MIX
JINX,MIX
FOLLY,RETRIEVER GOLDEN
LEXI,GOLDENDOODLE
CARLY,TERRIER YORKSHIRE
MAX,TERRIER YORKSHIRE
DUBLIN,LAB MIX
CORK,SHEPHERD GERMAN
KYLIE,RETRIEVER LABRADOR
TUCKER,RETRIEVER LABRADOR
WILLKIE,MALTESE
CHILI,BEAGLE MIX
COCO,HOUND MIX
LEO,SHEPHERD AUSTRALIAN MIX
CHARLIE,RETRIEVER LAB MIX
LUCA,RETRIEVER LAB MIX
HEIDI,BERNESE MOUNTAIN
BELLA,LABRADOR
OCEAN,LAB/HUSKY
DAISY,LABRADOR
GORGI,MALTESE MIX
ZOE,TERRIER YORKSHIRE
DEXTER,POODLE MIX
SADIE MAE PUMPKIN,MORKIE
MADDIE,COCKAPOO
RUSTY,POMERANIAN
ROCKY,MIX
LAITI,MIX
BALOO,PUGGLE
NEO-LATTE,BEAGLE MIX
ROCKY,GOLDENDOODLE MINI
CIDER,MIX
TUCK,RETRIEVER MIX
JOJO,SHIH-TZU
ROMEO,GOLDENDOODLE
PEPPER,SPANIEL COCKER MIX
NIKKI,COLLIE  ROUGH COAT
SAWYER,COLLIE  ROUGH COAT
CODA,MIX
ZERMATT,SPANIEL COCKER MIX
LUCY,MIX
DARLA,BEAGLE MIX
HUNTER,LABRADOODLE
HALEY,LABRADOODLE
KITA,HUSKY
RAMBO,TERRIER CAIRN
TIMMY,MIX
RUFUS,SHEPHERD ANATOLIAN  MIX
COOPER,BEAGLE MIX
WINSTON,BULLDOG FRENCH
COCO,CHIHUAHUA MIX
PIPER,MIX
SCHAH,RETRIEVER LABRADOR
UNI,RETRIEVER LABRADOR
BAILEY,HUSKY MIX
NDITO,MIX
STORM,SHEPHERD AUSTRALIAN
ROXIE,RETRIEVER MIX
SOPHIE,RETRIEVER LABRADOR
ZULA,RHODESIAN RIDGEBACK
IVY,GOLDENDOODLE
SASHA,SPANIEL SPRINGER
JAKE,RETRIEVER LABRADOR
NERON,TERRIER RUSSIAN
MISTY LOU,HAVANESE
SUNSHINE,MALTESE
SNOW STAR,MALTESE
COOPER,TERRIER JACK RUSSELL MIX
MAX,BEAGLE MIX
PENELOPE (PENNY),HOUND MIX
TOBI,RETRIEVER LABRADOR
GINGER,POMERANIAN
FLINA,TERRIER BOSTON
PARKER,LABRADOR MIX
SUNNY,RETRIEVER LABRADOR
MAGGIE,MALTESE
CRISPIN,RETRIEVER GOLDEN
HAZEL,MIX
RICKY,SHIH-TZU
ELLA,SHIH-TZU
SANDY,SHEPHERD AUSTRAILIAN
CHIP,TERRIER YORKSHIRE MIX
SKIPPER,DACHSHUND JACK RUSSELL MIX
LIESL,SCHNAUZER MINI
SYLVIE,POODLE MINI
MAX,RETRIEVER GOLDEN
LOGAN,SHEPHERD ROTTWEILER MIX
GASTON,BULLDOG FRENCH
MARGOTTE,BULLDOG FRENCH
PRINCE EMMETT,TERRIER BOSTON
INDIANA,RETRIEVER GOLDEN
JACOBY,RETRIEVER GOLDEN
MAX,TERRIER WEST HIGHLAND
ANNEX,LABRADOODLE
COOPER,RETRIEVER GOLDEN
ROVER,ROTTWEILER
MILO,SHIH-TZU MIX
LILLY,CAVACHON
WOODY,RETRIEVER GOLDEN
TONY,
BRUTUS,SCHNAUZER MINI
CHARLIE,RETRIEVER GOLDEN
MUFFIN,SPANIEL CAVALIER  KING CHARLES
SASSY,SPANIEL CAVALIER  KING CHARLES
DUNCAN,TERRIER WEST HIGHLAND
CODY,RETRIEVER LABRADOR
GINA,POODLE STANDARD
ARCHIE,MALTESE
JUPP,DACHSHUND WIREHAIR
MILLY GETMANOVA,SPANIEL COCKER MIX
SUNNY,SPANIEL CAVALIER  KING CHARLES
MUMY,CHIHUAHUA
CHIHZ,CHIHUAHUA
KAYLEE,RETRIEVER LABRADOR
TAZO,MALTIPOO
ELLSBURY,PORTUGUESE WATER DOG
SAMMI,TERRIER BOSTON
ESCA,SHEPHERD AUSTRALIAN MIX
KODA,GOLDENDOODLE
PEPPER,POINTER MIX
CASEY,COLLIE BORDER MIX
NYA,CATAHOULA LEOPARD MIX
ROCKET,HOUND MIX
CHARNER,RETRIEVER LABRADOR
HAZEL,PORTUGUESE WATER DOG
BUDDY,POODLE MINI
ANDI,GOLDENDOODLE
WALLY,TERRIER MIX
MARLEY BUSTER CHASE,RETRIEVER GOLDEN
EDEN,ARUBIAN CUNUCU
SAM,BOXER
JERRY,RETRIEVER GOLDEN
BEAR,COTON DE TULEAR MIX
ZAI,GOLDENDOODLE
CHARLIE YE,SPANIEL CAVALIER  KING CHARLES
BRADY,GOLDENDOODLE
TUCKER,LABRADOODLE
VIVI,LAGOTTO ROMAGNOLO
JULIE,MIX
COCO,MIX
CHARLIE,PUGGLE
LUCAS,TERRIER TIBETAN
MITZIE,RETRIEVER GOLDEN
PUMPKIN,BEAGLE
CLANCY,SPANIEL CAVALIER KING CHARLES
OLLIE CYRIL WEILER,SPANIEL CAVALIER  KING CHARLES
ZION,RHODESIAN RIDGEBACK
SHMULI,COCKAPOO
FIONA,TERRIER AIREDALE
GRACIE BELL,TERRIER YORKSHIRE MIX
GINNY RIGGINS,POODLE MIX
LOVEY,SPANIEL CAVALIER  KING CHARLES
LUNA,SCHNAUZER MINI
FRODO,TERRIER FOX
MIA,WELSH CORGI
SAMMI,WELSH CORGI
HARLEY,RETRIEVER MIX
SAMSON,RETRIEVER GOLDEN
MABEL,SALUKI MIX
MILLIE,BULLDOG FRENCH
GEORGIA,LABRADOODLE
ATTICUS,BEAGLE MIX
DIMA,MALTESE
LILY,GOLDENDOODLE
REMY,RETRIEVER GOLDEN
BOSS,PEKINGESE
BELLA,SHEPHERD MIX
MOLLY,SHELTIE
GAUCHO,TERRIER JACK RUSSELL
PIPPA,PUG
TYLER,GOLDENDOODLE
REVO,RETRIEVER GOLDEN
BRINN,LABRADOODLE
NAVY,
MILO,COCKAPOO
BUTTERSCOTCH,RETRIEVER GOLDEN MIX
COCOA,HOUND MIX
LADY DIANA VON,COLLIE
FINLEY,LABRADOR
HENRY,SHEEPDOG SHETLAND
RUBY,LAB MIX
KIRBY,POODLE MIX
NOVA,HAVANESE
DENVER,RETRIEVER LABRADOR
SCOOTER,SPANIEL COCKER MIX
SCOOTER,TERRIER JACK RUSSELL MIX
RIVET,TERRIER RAT MIX
ELI,SHEPHERD GERMAN
LUCY,SHELTIE MIX
FONZIE,SHEEPDOG SHETLAND
PIPPIN,SHEPHERD GERMAN
LEXI,MIX
CALLIE,RETRIEVER GOLDEN
REMY,POODLE STANDARD
FRODO,POODLE MINI
TOBY,POODLE STANDARD
SANDY,GOLDENDOODLE
TAMALE,GOLDENDOODLE
EMMA,BICHAPOO
BELLE,COLLIE BORDER
BEAR,POMERANIAN MIX
LAYLA,SHIH-TZU
PHINNEAUS,TERRIER WEST HIGHLAND
JAY,MALTIPOO
DAISY,MALTIPOO
JACKSON,RETRIEVER GOLDEN
JUDGE,RETRIEVER LABRADOR
VELVET,HAVANESE
MILLIE,SHIH-TZU MIX
SHOSHA,RETRIEVER GOLDEN
ASHER,RETRIEVER LABRADOR
MUFASA,SHEPHERD AUSTRALIAN MIX
PO,HAVANESE
NOODLE,SCHNAUZER MINI
CHARLIE,POODLE MINI
BIMMER,TERRIER JACK RUSSELL
BO,RETRIEVER GOLDEN
SHERLOCK,SHIBA INU
CHASE,SHIH-TZU
OREO,SHIH-TZU
KAMDEN,SCHNOODLE
REMI,WATERDOG SPANISH
LU LU,COLLIE BORDER MIX
ACE,GOLDENDOODLE
PATRICK,RETRIEVER GOLDEN
BOOTS,SPANIEL MIX
TEDDY,RETRIEVER LABRADOR
LUCKY,MALTESE
LEXI,COLLIE
KENNY,COCKAPOO
LUKA,HAVANESE
OHANA,MIX
HANS,SHEPHERD GERMAN
SOPHIE,BEAGLE
SCOOTER,HAVANESE
RUGBY,HAVANESE
LUNA,RETRIEVER LABRADOR
EDISON,COCKAPOO
OLIVER,TERRIER
TARA,HOUND MIX
EMY,HAVANESE
POPPY,HAVANESE
BODHI,GOLDENDOODLE
WILLOW,AUSSIE DOODLE
LUCY,TERRIER MIX
JAEGER,GOLDENDOODLE
TOKKI,TERRIER YORKSHIRE
COCO,BICHON FRISE
GERTIE,GOLDENDOODLE
BARON,MASTIFF BULL MIX
CHUCKLES,CORGI
DOUDOU,POMERANIAN
HAPPY,MALTESE
GUS,DACHSHUND L.H. MINI
LUCCA,RETRIEVER LAB MIX
CLEO,LAB
PORTIA,RETRIEVER GOLDEN
COBI,AMERICAN ESKIMO SPITZ
SAMANTHA,RETRIEVER GOLDEN
RILEY,BICHON FRISE
CHIEF,RETRIEVER LABRADOR
COLBY,MALTESE
CARLY,BEAGLE
NEO,PORTUGUESE WATER DOG
PENNY,SHEPHERD GERMAN
JAKE,TERRIER WELSH
HUGO,POODLE MINI
GINGER,LHASA APSO
CARLO,RETRIEVER GOLDEN
BERLIN,DACHSHUND  MINI
XIAO XIAO,POODLE TOY
BENTLEY,
SHARIK,LABRADOR
COOKIE DOUGH,SHIH-TZU
MAXWELL,SCHNAUZER MINI
MILLIE,COCKAPOO
KITTY,SHIBA INU
ARTIE,SHEPHERD GERMAN
NORA,MIX
ATLAS,POODLE STANDARD
BELLA,RETRIEVER LABRADOR
MAGGIE,MIX
CRISPIE,CAVACHON
ARCHIE,BEAGLE MIX
WILLOW,LAB MIX
NORA,PIT BULL MIX
ROCKY,SCHNOODLE
BAXTER,LABRADOODLE MIX
HUGO,LABRADOODLE
SAMMIE,SHIH-TZU
HUSKY,COCKAPOO
SUER,SHIBA INU
BRYCE,RHODESIAN RIDGEBACK
ANAJO,LAB MIX
BRADY,LAB
OPAL,COCKAPOO
BROWNIE,GOLDENDOODLE
YOLANDA,VIZSLA
BERKELEY,GREATER SWISS MOUNTAIN
PEPPER,TERRIER TIBETAN
GOLDIE,RETRIEVER GOLDEN
TEDDY,MALTESE
EUGENE,GRIFFON BRUSSELS
LUCKY,COLLIE BORDER MIX
SUNNY,SHIH-TZU
SAMMY,RETRIEVER GOLDEN
HAZEL,YORKIE
IZZY,HUSKY MIX
CHOCO,POODLE TOY
FRANKLIN,TERRIER MIX
VANNIE,POODLE TOY
BIAJI,RETRIEVER GOLDEN
MISTY,MALTESE
PENELOPE,SHEPHERD GERMAN
BEATRICE,WHOODLE
YOSHI,BEAGLE MIX
MILO,RETRIEVER LABRADOR
TUBBY,ROTTWEILER
LAMAY,BULLDOG ENGLISH
BENTLEY,LAB MIX
TIMBER,BEAGLE MIX
COOPER,MIX
FIONA,TERRIER WHEATON MIX
TEDDY,MALTESE MIX
ROCCO,JAPANESE AKITA
CRYSTAL,LAB
NIKKA,POINTER GERMAN SHORTHAIR
MOLLY,RETRIEVER GOLDEN
MARLEY,MIX
AGNES,BULLDOG FRENCH
SADIE,TERRIER TIBETAN
AMME,PUG
OLLIE,SHIH-TZU
ALICE,TERRIER AUSTRALIAN
PHYLLIS VIVIAN,BASSET HOUND
COOPER,RETRIEVER LABRADOR
TAFFIE,RETRIEVER GOLDEN
JOEY,SHIH-TZU MIX
TOBY,LABRADOODLE AUSTRALIAN MINI
HUN-HUN,MIX
MIDO,POMERANIAN
GUS,RETRIEVER GOLDEN
SADIE,COTON
WINSTON,RETRIEVER GOLDEN
GNAT,COLLIE BORDER
DAHLIA,GOLDENDOODLE
DUKE,RETRIEVER ENGLISH GOLDEN
OSCAR HOKIS,RETRIEVER GOLDEN
COCO,GOLDENDOODLE
STAR,LABRADOODLE AUSTRALIAN
LATTE,LAB/HOUND MIX
DAKOTA,RETRIEVER GOLDEN
LAYLA,BOXER
ZITA,LABRADOR
KIRA,LABRADOR
UMI,SCHNAUZER MINI
HARMONY,CAVACHON
GEORGIE,MIX
COPLEY,RETRIEVER GOLDEN
JEFFERSON,RETRIEVER LABRADOR
GYPSY,MIX
BALOO,RETRIEVER LABRADOR
KUZI,CHINOOK
PAN PAN,SAMOYED
CHICO,CHIHUAHUA
NACHO,CHIHUAHUA
SMUGGLE,PUG
GERTIE,CHIHUAHUA LONGHAIR
ANNIE,MIXED
BOSTON,SHEPHERD GERMAN
BONO,RETRIEVER LABRADOR
LOUIE,RETRIEVER LABRADOR
BAILEY,RETRIEVER GOLDEN
CLARENCE,RETRIEVER LABRADOR
OLIVE,RETRIEVER LABRADOR
CALHOUN,RETRIEVER GOLDEN
MARLEY,CAVACHON
RUDY,VIZSLA
GINGER,RETRIEVER GOLDEN MIX
DARCY,MIX
BAMBI,GOLDENDOODLE
HAZY ACUNA,SPANIEL CAVALIER KING CHARLES
MAPLE,POODLE TOY
KYRA,POMERANIAN
TROOPER COLBY,RETRIEVER LABRADOR
CALVIN,PORTUGUESE WATER DOG
DIXIE,GOLDENDOODLE
WILLY,TERRIER MIX
BRADLEY,HOUND LAB
LOUIS,BULLDOG FRENCH
DUDE,MIXED
LEROY,POINTER GERMAN SHORTHAIR
MILLIE,POINTER GERMAN SHORTHAIR
GRIFFIN,BICHON POODLE MIX
ROXI,COONHOUND BLUETICK
BENSON,TERRIER WEST HIGHLAND
RANGER,PORTUGUESE WATER DOG
ZYLAH,MIXED
GRACIE,LABRADOODLE
MINNIE,LAB MIX
ROSIE,POODLE MINIATURE
WILLIAM,POODLE MINIATURE
SAMMIE,SETTER ENGLISH
DELTA,RETRIEVER LABRADOR
LOKI,SHIH-TZU MIX
TIGER,SCHNAUZER MINI
LEXI,RETRIEVER GOLDEN/COCKER SPANIEL
KANA,COLLIE BORDER
MOXIE,GOLDENDOODLE MINI
FIALA,CHIHUAHUA MIX
BRODY BRENNAN BUCK,TERRIER TIBETAN
STORM,SHAR-PEI MIX
MAISIE,BEAGLE
OLAF,MALTIPOO
WILBUR,MIXED - SHEPHERD/HOUND
TOBY,MALTESE
URSA,MIXED
TEDDY,COTON DE TULEAR
JONI,AM STAFF MIX
ROCKY,SAINT BERNARD
SKITTLES,SPANIEL MIX
OLIVER BERRY,BORDOODLE
ROCKET,RETRIEVER GOLDEN
ATLAS,SHEPHERD AUSTRALIAN
SOPIE,HUSKY SIBERIAN
WILLOW,AUSTRALIAN LABRADOODLE
MARZIPAN,COCKAPOO
BELLA,COTON DE TULEAR
MALA,SHEPHERD MIX
ZUZU,LABRADOR
MACI,CHIHUAHUA SHELTIE MIX
KAIRI,CHIHUAHUA RAT TERRIER MIX
SKYE,COLLIE BORDER MIX
ROGER,LAB YELLOW
NALA,RETRIEVER LABRADOR
CHUMLEY,SAINT BERNARD
JAX,LABRADOR MIX
KEEPER,LAB MIX
ZEE,COTON DE TULEAR
PHOEBE,SCHNAUZER MINI
VESPER,RETRIEVER LABRADOR
ROSCO,TERRIER BULL
LILY,TERRIER BULL
PIPER,LAB MIX
SUNNY,RETRIEVER ENGLISH LABRADOR
SANDY,CHIHUAHUA
LILY,DALMATIAN
TITA,SCHNAUZER MINI
ROSIE,SCHNAUZER MINI
ZOE,RETRIEVER GOLDEN
OSCAR,GOLDENDOODLE
PEPPER,TERRIER
BEAR,RETRIEVER FLAT COAT
OREO,SHEPHERD AUSTRALIAN
SCOTTY,TERRIER WEST HIGHLAND
VESPER,SHEPHERD GERMAN
WILLY,CHIHUAHUA
BUDDY,CHIHUAHUA MIX
DOUGLAS,CAVACHON
KANIS DEXTER,HUSKY SIBERIAN
BRUCE,MIX
STELLA,GOLDENDOODLE
BRAHAM,LAB MIX
HANK,MUNSTERLANDER SMALL
FLEURIE,BRIARD
PEPPER,SETTER ENGLISH
SHURI,"CHIHUAHUA,DACHSHUND"
GOSHA,LABRADOODLE
WATSON,SPANIEL CAVALIER KING CHARLES
WINSTON,SPANIEL CAVALIER KING CHARLES
PENNY,POINTER MIX
LILY,GOLDENDOODLE
MIA,BULLDOG OLD ENGLISH
SCOUT,BEAGLE MIX
LAYLA,CHIHUAHUA MIX
OLIVIA,GOLDENDOODLE
SUKI,GOLDENDOODLE
OSCAR,LABRADOODLE
OLIVER,GOLDENDOODLE
COCO,POODLE MINI
MILO,RETRIEVER LABRADOR
BRADY,BERNESE MOUNTAIN DOG MIX
TILLIE,AUSTRALIAN TERRIER
ASTRO BOI,BEAGLE
CHARLIE,POODLE MIX
COOKIE,MALTESE
BOOMER,GOLDENDOODLE MEDIUM
LIZZY,LAB MIX
HUEY,COONHOUND MIX
HOPE,AUSTRALIAN SHEPHERD
COOKIE,LAB/BORDER COLLIE
DELILAH,AUSTRALIAN SHEPHERD
RUBY,SHEPHERD MIX
LUNA,LABRADOODLE
CHESTER,RETRIEVER LABRADOR
RENATA,PUG
ROSEBUD,WHIPPET
BENJAMIN,GREAT PYRENEES MIX
ELEKTRA,GERMAN SHEPHERD
MOCHA,CORGI
OAKLEY,BORDOODLE
GINGER,HOUND MIX
MILLIE,LABRADOODLE
GLORIA,SAINT BERNARD
BORIS,SAINT BERNARD
LOUIE,CHIHUAHUA MIX
LOLA,CHIN/CHIHUAHUA
LOKI,CHIN/CHIHUAHUA
TINKERBELL OREO,MIXED
BAO,POODLE TOY MIX
TODO,POODLE TOY MIX
COOKY,SHEPHERD AUSTRAILIAN