Dog_Name,Breed,Zip
IVY,RETRIEVER LABRADOR,02420
NINA,HAVANESE MIX,02420
OMAR,LABRADOODLE,02421
LEXI,NORWEGIAN ELKHOUND,02421
BUFER,RHODESIAN RIDGEBACK,02420
CHEE-CHEE,RHODESIAN RIDGEBACK,02420
SUMMER,RETRIEVER GOLDEN,02421
MILEY,TERRIER JACK RUSSELL,02420
JAX,MIX,02420
PENNY,HOUND MIX,02421
COCOA,LABRADOODLE,02421
PENNY,LABRADOODLE,02421
CHLOE,RETRIEVER LABRADOR,02421
PHOENIX,RETRIEVER GOLDEN,02420
BRADY,TERRIER WHEATEN,02421
BABY,SPANIEL CAVALIER  KING CHARLES,02421
CHARLIE,RETRIEVER GOLDEN,02421
YASMIN,SHEEPDOG SHETLAND,02420
ROCKWELL,RETRIEVER LABRADOR,02420
VELVET,DACHSHUND BEAGLE MIX,02421
ROCKY,DACHSHUND BORDER COLLIE MIX,02421
KING,BOXER,02420
MUSHU,MIX,02420
GRACE,LABRADOODLE,02421
BAILEY,LABRADOODLE,02421
SCARLETT,TERRIER MIX,02420
TANGO,LAB RETRIEVER MIX,02420
MIA,DACHSHUND,02420
MILO,BICHON FRISE,02420
BENTLY,TERRIER MIX,02420
CORKY,MALTIPOO,02420
STELLA,RETRIEVER GOLDEN,02420
TOFU,TERRIER JACK RUSSELL MIX,02421
SUNSHINE,SETTER ENGLISH LAB,02420
MASON,SPANIEL BOYKIN MIX,02420
RUBY,RETRIEVER LABRADOR,02420
ODIE,GOLDENDOODLE,02420
MOLLY,COLLIE BORDER MIX,02421
STORMY,LABRADOR MIX,02421
CHOPPER,MALTIPOO MIX,02421
CHANCE,MIX,02421
OSCAR,HOUND SHEP MIX,02420
IRIS,RETRIEVER GOLDEN MIX,02420
SPUTNIK,SHEPHERD AUSTRAILIAN,02420
BRUNO,PUG,02421
COLLETTE,POODLE MINI,02420
JAX,SHELTIE MIX,02421
HERSHEY,COCKAPOO,02420
LEO,TERRIER BORDER,02420
CHEETO,LABRADOODLE,02420
SAMMI,GOLDENDOODLE,02420
DAISY,RETRIEVER MIX,02421
RUSTY,MIX,02421
ROMAN,POMERANIAN,02420
DYLAN,LABRADOR,02421
BOOMER,TERRIER JACK RUSSELL,02420
JOEY,GOLDENDOODLE,02421
PEANUT,PUGGLE,02420
GUNTHER,SHEPHERD MIX,02420
TINKER,COLLIE BORDER,02421
ELLIE,BEAGLE MIX,02421
ANNIE,POODLE MINI MIX,02421
HONEY,RETRIEVER GOLDEN,02421
YOGI,CAVACHON,02420
SAHARA,COCKAPOO,02420
HUDSON,SPANIEL ENGLISH SPRINGER,02420
MADDIE,RETRIEVER GOLDEN,02421
SCARLET,SHEPHERD GERMAN,02420
KODA,SHEPHERD GERMAN,02421
COCO,POODLE MINI,02421
KALA,TERRIER MIX,02421
LULU,LABRADOR MIX,02421
ALFIE,RETRIEVER GOLDEN,02420
TESS,RETRIEVER,02420
HUDSON,SPANIEL,02420
GRACE,GREYHOUND,02421
MARLO,MIX,02421
WILSON,RETRIEVER GOLDEN,02420
SOPHIE,WELSH CORGI PEMBROKE,02421
RILEY,WELSH CORGI PEMBROKE,02420
MARLEY,RETRIEVER LABRADOR,02420
CHARLIE,RETRIEVER LABRADOR,02421
MIKEY,CHIHUAHUA MIX,02420
BEANS,BICHON FRISE,02420
COOPER,GOLDENDOODLE,02420
CHAI,SPANIEL COCKER MIX,02421
THEO,MIX,02421
BRINLEY,TERRIER NORWICH,02421
PIPPIN,TERRIER NORWICH,02421
THEIA,MIX,02420
LULAH,MIX,02420
SYDNEY,MALTESE,02421
RICO,COLLIE MIX,02421
REILLY,MALTESE,02421
FINNEGAN,RETRIEVER GOLDEN,02421
FRODO,POODLE MIX,02421
TOBY,GOLDENDOODLE,02420
RAY C,BOXER,02421
DASHIELL,TERRIER RAT MIX,02421
ALOHA,RETRIEVER GOLDEN,02421
LUCKY,PORTUGUESE WATER DOG,02421
MASON,HUSKY SIBERIAN,02421
LOLA,RETRIEVER GOLDEN,02421
CHESTER,TERRIER WEST HIGHLAND MIX,02420
SUKI,PEKINGESE MIX,02420
C.J.,MIX,02421
HOBBES,GOLDENDOODLE,02420
TEDDY,GOLDENDOODLE,02421
KEIRA,SPANIEL ENGLISH COCKER,02420
JOSEY,BEAGLE MIX,02420
HUCK,RETRIEVER LABRADOR,02421
MISTY,RETRIEVER LABRADOR,02420
ELSA,MIX,02421
RIGGINS,MIX,02421
LUCKY,GOLDENDOODLE,02421
NAPA,CHOW CHOW,02421
CLARICE,GREYHOUND,02421
BUDDY,BOXER MIX,02421
WINNIE,COCKAPOO,02421
LAIKA,GOLDENDOODLE,02421
CHLOE,MALTESE SHITZU MIX,02420
TORI,COLLIE BORDER MIX,02420
GUS,GOLDENDOODLE,02421
FREYJA,RETRIEVER LABRADOR,02421
COCOA,LABRADOR,02421
BELLA,RETRIEVER GOLDEN,02421
THEO,TERRIER BULL BOXER MIX,02420
DORY,TERRIER BLUE TICK HOUND MIX,02421
CHARLIE,BEAGLE MIX,02420
MAX,LABRADOODLE,02420
ABBY,DACHSHUND L.H.,02420
TINKER,MIX,02421
KIMCHI,CHIHUAHUA,02420
LEXI,BICHON FRISE MIX,02420
CALLIE,SPANIEL ENGLISH SPRINGER,02421
CUBA,MALTESE HAVANESE MIX,02420
LILLY,MALTIPOO,02420
ROSIE,BEAGLE,02421
PIPER,SCHNAUZER MINI,02421
ALLIE,LHASA APSO,02421
MURPHY,RETRIEVER GOLDEN,02420
VIXEN,TERRIER CAIRN,02420
PENELOPE,SHEPHERD MIX,02420
MITSU,RETRIEVER GOLDEN,02421
BAUER,RETRIEVER GOLDEN MIX,02421
MONTE,SHARPEI,02420
BOOTS,Bichon Terreier,02421
LEXI,RETRIEVER LABRADOR,02421
KODI,MIXED/CAROLINA,02421
FREDDY,POODLE TOY,02420
REMY,SHEPHERD MIX,02420
RILEY,RETRIEVER GOLDEN,02420
TUCKER,LABRADOODLE,02420
WALDO,MALTESE MIX,02420
TEDDY,TERRIER YORKSHIRE,02421
SYDNEY,RETRIEVER LABRADOR,02421
COOKIE,POODLE MIX,02421
NALA,LABRADOR MIX,02420
BRISTOL,BARBET WATER DOG,02421
SOPHIE,RETRIEVER LAB MIX,02420
RIGGLEY,MALTESE MIX,02421
TRIXIE,POODLE STANDARD,02420
RUAIRI,BEAGLE MIX,02421
RILEY,SPANIEL FIELD MIX,02421
ANGEL,RETRIEVER LABRADOR,02420
BUDDY,RETRIEVER LAB MIX,02421
RUBY,DOBEX,02421
RILEY,DOBEX,02421
PEPPA,SCHNOODLE,02421
COOPER,MIX,02421
BELLA,LAB/BORDER COLLIE,02421
BENTLEY,CORGI,02420
FLORA,COLLIE BORDER MIX,02421
HARPER,CAVAPOO,02421
PAPPY,RETRIEVER LABRADOR,02421
LILLY,MALTESE POODLE MIX,02421
VALPO,GOLDENDOODLE,02421
LEONARDO (LEO),LABRADOODLE,02421
CHLOE,TERRIER YORKSHIRE,02421
JUICE,BULLDOG OLD ENGLISH,02420
RIZZO,SCHNAUZER MIX,02420
JASPER,TERRIER WEST HIGHLAND,02420
MINA,MIX,02421
BELLA,SPANIEL COCKER MIX,02421
SADIE,SCHNAUZER MINI,02421
BEASLY,TERRIER,02421
GEORGIO,POMERANIAN,02421
DAISY,GOLDENDOODLE,02420
MAX,YORKIE POO,02421
OLIVER,TERRIER WEST HIGHLAND,02420
LUNA,RETRIEVER LABRADOR,02421
TEX,,02420
MOOSE,MALTIPOO,02421
FIRENZE,MIX,02421
VALENTINO,ITALIAN SPINONE,02421
GOLDIE,RETRIEVER GOLDEN,02421
SHIRLEY,RETRIEVER GOLDEN,02421
SUNNY,POODLE STANDARD,02421
TESS,GOLDENDOODLE,02420
CHLOE,MALTIPOO,02420
MAGGIE,LAB BLACK MIX,02420
COMET,POODLE TOY,02421
SPIKE,CHIHUAHUA,02421
COCOA,CHIHUAHUA,02421
BODHI,POODLE MINI,02420
LAYLA,LABRADOR MIX,02421
BOO,TERRIER YORKSHIRE,02421
ISABELLA,TERRIER WEST HIGHLAND,02421
BACI,LABRADOODLE,02420
MILO,PUG,02421
MAX,PUG,02421
AXL,PORTUGUESE WATER DOG,02420
BARNABY,HAVANESE,02420
BEAR,LABRADOODLE,02420
MELVIN,SHORKIE,02421
MOOKIE,WESTIE,02421
ALLIE,SHEEPDOG SHETLAND,02420
KENNY,SPANIEL CAVALIER  KING CHARLES,02420
JUNO,LABRADOODLE MINI,02421
OBIWAN,WEIMARANER,02421
MAISY,GOLDENDOODLE,02421
MAPLE SUGAR,GOLDENDOODLE,02420
OLIVER,TERRIER CAIRN,02420
JORDAN,,02421
LEXI,TERRIER YORKSHIRE,02420
LATTE,GOLDENDOODLE,02420
PHOEBE,PUG,02420
MILO,BOXER,02421
COOKIE,BOXER MIX,02421
MANI,WEIMARANER,02421
CHARLIE,SHEPHERD HUSKY,02420
MILO,SHEPHERD AUSTRALIAN MIX,02420
BOSCO,LABRADOODLE,02421
HOBBES,DACHSHUND,02421
LENNY,GOLDENDOODLE,02421
LULU,BERNADOODLE,02421
TOSHI,RHODESIAN RIDGEBACK,02420
MISSY,RETRIEVER LAB MIX,02421
COCO,LABRADOODLE,02421
ROSCOE,POMERANIAN,02421
BUDDY,CAVAPOO,02421
WOLFGANG,RETRIEVER GOLDEN,02420
TOBY,BICHON FRISE,02420
ZOE,MALTIPOO,02420
RUSSELL,LAB MIX,02421
JOEY,COCKAPOO,02421
NIMBUS,POMERANIAN MIX,02420
TOREE,SHIH-TZU,02421
COOKIE,POODLE,02420
NOEL,WHIPPET,02420
LIBERTY,PEKINGESE MIX,02420
CHEWEE,PEKINGESE,02420
CINDER,HAVANESE,02420
DAKOTA,HUSKY MIX,02421
LOLA,HAVANESE,02421
SARINA,DACHSHUND SPANIEL MIX,02420
NINJA,RETRIEVER LAB MIX,02420
KAYCEE,RETRIEVER GOLDEN,02420
LILA,DACHSHUND WIREHAIR,02420
PENNY,MIX,02421
CHARLIE,MIX,02420
ROXIE,GOLDENDOODLE,02421
CHAPPY,LABRADOR MIX,02420
MURPHY,RETRIEVER LAB MIX,02420
TEDDY,GOLDENDOODLE,02421
QUINCY,GOLDENDOODLE,02420
TIKI,HAVANESE,02421
GRACIE,BERNEDOODLE,02421
BAXTER,COCKAPOO,02420
NIKO,DACHSHUND MIX,02421
DOLLY,HOUND MIX,02420
BISOU,MALTIPOO,02420
LILLY,MALTESE,02421
BLAKE,BEAGLE MIX,02420
DAISY,BICHON FRISE MIX,02420
GINGER,RETRIEVER GOLDEN,02421
CHEWIE,MIX,02421
NOODLES,POODLE MIX,02421
SHAY,SHEPHERD DUTCH,02421
DAISY,BASSET HOUND MIX,02421
GUS,LAB MIX,02421
BOOMER,POODLE,02421
RILEY,RETRIEVER CHESAPEAK,02421
JACQUELINE,POODLE MINI,02421
LUKE,MALTESE MIX,02420
LEO,WHIPPET,02421
PIPER,VIZSLA,02420
SNOWBALL,COCKAPOO,02421
RUBY,DACHSHUND SMOOTH,02420
MARLO,RETRIEVER MIX,02420
BRUNO,TERRIER SILKY,02421
SAVANNAH,LABRADOR MIX,02421
DAISY,MIX,02421
MICKEY,RETRIEVER MIX,02420
LUNA,GREAT DANE,02421
KASEY,RETRIEVER LABRADOR,02421
OTTO,HAVANESE,02420
SMIDGEON,RETRIEVER LABRADOR,02421
BO,TERRIER TIBETAN,02421
TAYTO,SPANIEL MIX,02421
MAX,SHIH-TZU POODLE MIX,02421
STELLA,RETRIEVER LABRADOR,02420
CHEWEY,SHIH-TZU MIX,02420
LOUI,VIZSLA,02420
HAZEL,SHEPHERD MIX,02420
COCO,HAVANESE,02420
LILY,HAVANESE,02420
ROOKIE,COLLIE BORDER,02421
BUDDY,MALTESE,02421
PIBROCH,SETTER GORDON,02421
VELA,CHIHUAHUA MIX,02420
AGNES,PIT BULL MIX,02420
KING BOO,POODLE TOY,02420
KIRBY,POODLE TOY,02420
COCO 2,LABRADOODLE,02421
OREO,COCKAPOO,02421
TIA,SPANIEL CAVALIER  KING CHARLES,02420
PUMPKIN,MALTESE,02420
ROXY,CHIHUAHUA,02420
CRICKET,POODLE MINI,02421
ROSIE,TERRIER JACK RUSSELL,02420
PENNY,TERRIER JACK RUSSELL,02420
POPPY,HOUND MIX,02421
MURPHY,GOLDENDOODLE,02420
STRYKER,COCKAPOO,02420
NORA,TERRIER WHEATEN,02420
SCOUT,LABRADOODLE,02421
ABBY,RETRIEVER GOLDEN,02420
PIERRE,PUG,02420
CHARLEY,POODLE MIX,02421
MARBLE,MORKIE,02421
JUNO,RETRIEVER GOLDEN,02421
PIPER,MIX,02421
MOLLY,MIX,02420
OSCAR,HOUND MIX,02420
SVEN,SHEPHERD GERMAN,02421
SAWYER,COCKAPOO,02420
SHAGGY,POODLE MIX,02421
CORTINA DOLCE,RETRIEVER GOLDEN,02421
SYDNEY,BLUE HEELER MIX,02420
CISCO,VISZLA,02421
ZOEY,COLLIE BORDER MIX,02420
PJ,TERRIER AIREDALE,02421
BILBO,PIT BULL MIX,02420
BELLA,POINTER,02421
JUNO,PORTUGUESE WATER DOG,02421
CHARLEY,RETRIEVER LABRADOR,02420
MAGGIE,RETRIEVER LABRADOR,02421
LONDON,DACHSHUND MIX,02421
MARLEY,DACHSHUND,02421
SADIE,BASSET HOUND,02421
DOTTIE,BASSET HOUND,02421
NUTMEG,BASSET HOUND MIX,02421
HARLEY,SHEPHERD GERMAN,02420
TEDDIE,TERRIER MIX,02421
BAUER,SHEPHERD GERMAN,02420
GRYPHON,RETRIEVER GOLDEN,02421
BETSY,COLLIE BORDER MIX,02421
SUMMER,RETRIEVER LABRADOR,02420
DEXTER,LABRADOODLE,02420
CHLOE,BASSET HOUND MIX,02421
SCOUT,TERRIER JACK RUSSELL,02421
ZUEBIN,TERRIER YORKSHIRE,02421
MOLLY,SHEPHERD LAB MIX,02420
MISTY,LABRADOODLE,02420
ROWAN,SPANIEL ENGLISH SPRINGER,02421
BASIL,SPANIEL CAVALIER  KING CHARLES,02421
NORTON,NEWFOUNDLAND,02420
BRUNO,MIX,02420
COCO,MORKIE MIX,02420
TEDDY,MORKIE MIX,02420
BELLA,SPITZ,02420
HOLDEN,RETRIEVER GOLDEN MIX,02420
TUCKER,AUSTRALIAN LABRADOODLE,02421
FRONTIER,GOLDEN LAB,02421
MOXIE,RETRIEVER GOLDEN,02421
JOEY,HAVANESE,02421
TOBY,DACHSHUND SMOOTH,02420
ROXY,MIX,02420
PEANUT,GOLDENDOODLE,02420
TOBY,LABRADOODLE,02420
MONA,RETRIEVER LAB MIX,02420
ANGEL,SPANIEL COCKER MIX,02420
HAYDEN,SPANIEL SPRINGER,02420
GRETA,DOBERMAN PINSCHER,02421
SHADOW,POODLE,02421
COOKIE,SPANIEL SPRINGER,02421
MIO,COCKAPOO,02421
PINOT,DACHSHUND,02420
ALFIE,DACHSHUND L.H.,02420
BEAN,SPANIEL CAVALIER  KING CHARLES,02420
ZEE,LABRADOODLE,02420
NIKKI,RETRIEVER MIX,02420
DOOLIE,TERRIER YORKSHIRE,02420
RIGBY,MIX,02421
KOBA,BERNESE MOUNTAIN,02421
BROCK,BULLDOG ENGLISH,02420
ROMEO,BULLDOG ENGLISH,02420
CYNDER,BOXER,02420
GINGER,AUSTRALIAN LABRADOODLE,02421
PATCHES,LABRADOODLE,02421
LUNA,LHASA APSO,02420
COPPER,SHEPHERD AUSTRALIAN MIX,02421
TEDDY,TERRIER WELSH,02421
FREYA,PORTUGUESE WATER DOG,02421
IZZY,TERRIER MIX,02421
BELLA,RETRIEVER,02420
LOUIE,PIT BULL,02421
LUCY,SPANIEL COCKER MIX,02420
SILAS,RETRIEVER GOLDEN,02421
LEXIE,TERRIER BORDER,02421
SCHWENDI,BERNEDOODLE,02420
MAGGIE,HAVANESE,02421
LILY,SPANIEL COCKER MIX,02420
MASON,LABRADOR,02421
PATCHES,SPANIEL ENGLISH SPRINGER,02420
MILO,MALTESE,02420
CHICO,HAVANESE,02420
ELOISE,LABRADOR,02421
HELEN,HAVANESE,02421
MAGGIE,POODLE,02421
WHISKEY,SPANIEL COCKER MIX,02420
LUPE,MIX,02420
GUS,MIX,02421
DAISY,RETRIEVER LABRADOR,02421
MUFFIN,SHIH-TZU MIX,02420
HALLIE,POODLE MINI,02421
UNA,SHIH-TZU,02421
MONROE,PUGGLE MIX,02421
BUDDY,BULLDOG MIX,02420
BROOKE,MORKIE,02420
BAILEY,COCKAPOO,02420
LUCY,LABRADOODLE,02420
MUMA,COCKAPOO,02420
ALDER,LABRADOODLE,02421
BARDA,RETRIEVER LAB MIX,02420
DAPHNE,SPANIEL CAVALIER  KING CHARLES,02420
DUNCAN,SPANIEL CAVALIER  KING CHARLES,02420
SNOWFLAKE,CAVACHON,02421
SCHNITZEL,LABRADOODLE,02421
RAVEN,TERRIER BOSTON,02420
GENO,SHEPHERD GERMAN MIX,02420
MACY,RETRIEVER LABRADOR,02421
BRODY,RETRIEVER LABRADOR,02421
QUINN,RETRIEVER LAB MIX,02421
MOOKIE,GOLDENDOODLE,02420
MAX,BEAGLE,02421
LENNY,MIX,02421
SCOUT,BERNESE MOUNTAIN MIX,02421
TIBBY,TERRIER TIBETAN,02420
CHLOE,TERRIER YORKSHIRE,02420
JJ,RETRIEVER LABRADOR,02420
DAISY,RETRIEVER GOLDEN MIX,02420
CHARLIE,POODLE MIX,02421
LUNA,GOLDENDOODLE,02420
AUGGIE,TERRIER,02420
SADIE,MIX,02421
LILY,PUG,02421
BRADY,LABRADOODLE,02421
MAX,COCKAPOO,02420
ROXY,RETRIEVER GOLDEN,02421
GINGER,SHIBA INU,02420
COOKIE,CHIHUAHUA,02420
CHARLIE PICKLES,SPANIEL CAVALIER KING CHARLES,02421
EVIE,HAVANESE,02420
SCULLY,SCHNAUZER MIX,02420
MILA,LABRADOODLE,02420
PARKER,COCKAPOO,02420
BUDDY,COCKAPOO,02421
DASHI,TERRIER CAIRN,02420
SHEP,CAVAPOO,02421
JET,RETRIEVER LABRADOR,02421
COOPER,PUGGLE,02421
CHARLIE,LABRADOODLE,02420
BIRCH,HUSKY,02421
TUGGER,HUSKY,02421
ROSCO,MIX,02421
TOTO,PUG MIX,02421
ROCKY,BEAGLE MIX,02421
SLASH,TERRIER JACK RUSSELL,02421
CHOCKY,RETRIEVER LABRADOR,02421
SAKU,COLLIE BORDER MIX,02421
OSO,COLLIE,02421
RUBY,PORTUGUESE WATER DOG,02420
HANK,BEAGLE MIX,02420
KENZIE,RETRIEVER GOLDEN,02421
SILOH,HUSKY SIBERIAN,02420
MIKKO,POODLE,02421
NELLIE,GREAT PYRENEES,02420
KIPPER,HOUND MIX,02421
COCO,POODLE STANDARD,02420
LANIE,SPANIEL COCKER MIX,02421
BRUCE,SPANIEL COCKER MIX,02421
MURDOCH,POODLE STANDARD,02421
ROGER,TERRIER WEST HIGHLAND,02420
WOODY,DACHSHUND,02421
COOKIE,TERRIER MIX,02421
RIDER,RETRIEVER GOLDEN,02421
CHARLIE,COCKAPOO,02421
BENNY,CHIHUAHUA MIX,02420
JACK,SHIH-TZU MIX,02420
TOVI,SHELTIE,02421
JOEY,LABRADOODLE,02420
LUCY,MALTESE,02420
MILLIE,RETRIEVER GOLDEN,02421
GERTIE,GOLDENDOODLE,02420
FIONA,TERVUREN,02421
WYATT,TERVUREN,02421
ELLIE,RETRIEVER LABRADOR MIX,02421
RILEY,BEAGLE,02420
PEPPER,HOUND MIX,02420
BELLA,MALTESE,02420
STEFANIE,BULLDOG FRENCH,02421
MAGGIE,RETRIEVER GOLDEN,02420
KIKI,TERRIER WEST HIGHLAND,02420
JAX,TERRIER WEST HIGHLAND,02420
LUNA,GOLDENDOODLE,02421
CHLOE,LABRADOODLE,02421
MANOLETTE,GALGO,02421
MARILYN,GALGO,02421
CALVIN,LABRADOR MIX,02421
COOKIE,CHIHUAHUA,02420
FLASH,CHIHUAHUA SMOOTH,02421
JUNEAU,MIX,02421
SASSY,GOLDENDOODLE MINI,02421
LEXI,LABRADOR MIX,02421
TITO,CHIHUAHUA MIX,02421
JUNO,COCKAPOO,02420
FREDDY,POODLE MINI,02420
JENKINS,RETRIEVER LABRADOR,02420
DOUGAL,TERRIER CAIRN,02420
CHARLOTTE,TERRIER YORKSHIRE MIX,02421
ALEXIE,HUSKY,02421
BOWIE,HUSKY MIX,02421
NIKKI,HUSKY,02421
JADEN,SHEEPDOG SHETLAND,02421
JEDI,SHEEPDOG SHETLAND,02421
FREYJA,HUSKY SIBERIAN,02421
HOMER,RETRIEVER GOLDEN MIX,02421
MURRAY,PORTUGUESE WATER DOG,02421
SOLO,BRIARD,02421
COOPER,SHEPHERD AUSTRALIAN MIX,02420
ROONEY,RETRIEVER GOLDEN,02421
GINGER,RETRIEVER MIX,02420
BENTLEY,BULLDOG FRENCH,02421
KIVA,RETRIEVER LABRADOR,02421
MOMO,TERRIER BOSTON,02421
JACKIE,TERRIER JACK RUSSELL,02420
HAYDN,COCKAPOO,02421
PEPPER,POODLE MIX,02420
SKIPPER,RETRIEVER GOLDEN,02421
ABBY,TERRIER WELSH,02421
TEDDY,TERRIER WELSH,02421
ZOE,GOLDEN CORGI,02420
CALI,CHIHUAHUA MIX,02421
AMA,SATO,02420
GINGER,SCHNOODLE,02421
FRISCO,RETRIEVER GOLDEN,02421
MONROE,SPANIEL COCKER MIX,02420
HOLLY,MALTIPOO,02420
PERCY,BICHON FRISE,02421
GABBY,LABRADOR,02420
PUMPKIN,MALTESE,02420
PJ,MALTESE,02420
BAUER,RETRIEVER LABRADOR,02420
TOMMY,LAB COLLIE MIX,02420
WINSTON,SPANIEL CLUMBER,02421
SAM,COLLIE BORDER,02421
ROXY,PIT BULL,02421
TUCKER,RETRIEVER GOLDEN,02421
FINLEY,CAVAPOO,02421
CROSBY,SPANIEL CAVALIER  KING CHARLES,02421
MAGGIE,PUG,02420
PARKER,RETRIEVER GOLDEN MIX,02420
LULU,MIX,02421
AMY,BOXER MIX,02421
OSCAR,LAB/PIT MIX,02421
ROXIE,RETRIEVER ENGLISH LABRADOR,02421
MADDIE,POODLE TOY,02421
GUS,BEAGLE,02421
JOLIE,HAVANESE,02421
CUBBY,TERRIER YORKSHIRE,02420
KORO,SHIBA INU,02420
RAPHAEL,NEWFOUNDLAND,02420
SUMMER,LABRADOR MIX,02421
DENVER,RETRIEVER LAB MIX,02421
LEXIE,MIX,02421
MEEKO,MIX,02420
BODIE BAREFOOT,LABRADOODLE,02421
LEXIE,HAVANESE,02421
WILLOW,ITALIAN SPINONE,02421
TOMMY,COLLIE BORDER MIX,02421
CHARLIE,RETRIEVER LABRADOR,02421
SCOUT,RETRIEVER FLAT COATED,02420
BAILEY,BEAGLE MIX,02420
MONTIE,MALTESE,02421
ALFRED,COTON DE TULEAR,02420
JOSEPH,COTON DE TULEAR,02420
GENEVIEVE,BASSET,02421
LEXI,LABRADOODLE,02420
HOLLY,POODLE MINI,02420
ATHENA,TERRIER WEST HIGHLAND,02421
DAISY,RETRIEVER LABRADOR,02420
PEBBLES,SPANIEL CAVALIER  KING CHARLES,02420
BUDDY,SPANIEL CAVALIER  KING CHARLES,02420
RILEY,TERRIER YORKSHIRE,02421
LILA,SCHNAUZER MINI,02421
SPENCER,MIX,02420
LEO,LHASA APSO MIX,02421
SAMMY,RETRIEVER MIX,02420
CODY,MIX,02420
TUCKER,RETRIEVER GOLDEN,02421
LEO,HAVANESE,02421
LUNA,GOLDENDOODLE,02420
SHADOW,GOLDENDOODLE MINI,02420
NYXIE,RETRIEVER GOLDEN,02421
CECE,TERRIER RAT,02421
GARY,PEKINGESE,02420
SAMMY,RETRIEVER GOLDEN,02420
LOGAN,SPANIEL CAVALIER  KING CHARLES,02420
CASPER,BICHON FRISE,02421
KATE,RETRIEVER GOLDEN,02421
PEPPER,PORTUGUESE WATER DOG,02420
SUNDAE,HAVAPOO,02421
BOO,TERRIER BOSTON,02421
CLOVER,DACHSHUND MIX,02420
ROSIE,SHEPHERD GERMAN MIX,02420
JAKE,CORGI,02420
MOLLY,CORGI,02420
SAM,LAB/BOXER MIX,02420
WILLOW,SPANIEL BRITTANY MIX,02421
BELLA,POINTER MIX,02421
SMUDGE,COLLIE,02421
ATTILA,MASTIFF FRENCH MIX,02420
ZOE,COCKAPOO,02420
BUDI,MALTESE,02421
KODI,RETRIEVER GOLDEN,02421
TUCKER,RETRIEVER GOLDEN,02421
ZUZU,GOLDENDOODLE,02420
WOOKIE,DORKIE,02421
PIPPY,MALTESE,02420
RUDY,SHEPHERD GERMAN,02420
SCARLET,MALTIPOO,02421
FELIX,LABRADOODLE,02420
WELLINGTON,SCHNAUZER MINI,02420
KODI,RETRIEVER LABRADOR,02420
GRACIE,RETRIEVER LAB MIX,02421
TUCKER,SHIH-TZU,02421
JACK,TERRIER MIX,02421
GABBY,LABRADOODLE,02421
SPYDER,WHIPPET,02420
POE,WHIPPET,02420
FEZZIK,MIX,02421
MENDEL,RETRIEVER GOLDEN,02421
OREO JUNO,TERRIER BOSTON,02421
ZIGGY,LABRADOODLE,02421
AMBER,RETRIEVER GOLDEN,02420
NELLY,GOLDENDOODLE,02421
GRIZZLY,GOLDENDOODLE,02421
BEAR,GOLDENDOODLE,02421
ROTOR,POODLE MIX,02420
WIMSEY,LABRADOR,02420
SHINY,LABRADOR,02421
DJANGO,AUSTRALIAN LABRADOODLE,02420
JOIE,AUSTRALIAN LABRADOODLE,02420
CHASE,COLLIE BORDER MIX,02420
JETER,NEWFOUNDLAND,02420
JACKSON,TERRIER JACK RUSSELL MIX,02421
BRANDY,CAVACHON,02421
RUDY,SAMOYED,02421
REESE,GOLDENDOODLE,02421
MAXWELL,POODLE,02421
AGGIE,RETRIEVER GOLDEN,02421
LOUIS AKA LOUIE,CHIHUAHUA MIX,02421
MILLIE,RETRIEVER LABRADOR,02421
EMMETT,CORGI MIX,02421
PAYSLEIGH,GOLDENDOODLE,02420
TEDDY,BICHON FRISE,02421
CELLA,WELSH CORGI,02421
VICTOR,WELSH CORGI,02421
LUNA,RETRIEVER GOLDEN,02420
MOZART,MALTESE,02421
BELLE SUNSHINE,LABRADOODLE,02421
CHARLEY,POODLE,02420
SAM,POODLE TOY,02420
OLLIE,MIX,02420
OBIE,MALTESE MIX,02421
BAILEY,RETRIEVER GOLDEN,02420
MARLEY,LABRADOR MIX,02420
ROSCOE,SPANIEL TIBETAN,02421
NELLIE,MIX,02421
LUCY,MIX,02421
RILEY,RETRIEVER LABRADOR,02421
AVA,GREAT PYRENEES MIX,02421
FINN,BULLDOG OLD ENGLISH,02420
BLAZE,NEWFOUNDLAND,02420
BRIO,GOLDENDOODLE MINI,02421
TOY,LHASA APSO MIX,02420
JAVA,LABRADOR,02420
AUGIE,MALTESE POODLE MIX,02420
TATE,TERRIER JACK RUSSELL MIX,02421
NUGGET,SPANIEL COCKER MIX,02421
ISLA,RETRIEVER GOLDEN,02421
COCO,AUSTRALIAN LABRADOODLE,02420
DUKE,MALTIPOO,02421
JACKIE,WHIPPET LAB,02420
TUCKER,TERRIER AUSTRALIAN MIX,02421
NELLIE,VIZSLA,02420
SAGE,TERRIER TIBETAN,02421
COOKIE,RETRIEVER GOLDEN,02421
NUTMEG,CORGI MIX,02421
BLACKIE,DACHSHUND,02420
MARTY,TERRIER WEST HIGHLAND,02420
IZZIE,HAVANESE,02421
BENJAMIN,RETRIEVER GOLDEN,02421
JOY,PORTUGUESE WATER DOG,02421
CHORONG,POODLE,02420
BERRY,PEKAPOO,02420
LUCY,BEAGLE,02420
LEXIE,POODLE TOY,02420
FIG NEWTON,TERRIER JACK RUSSELL,02420
MORGAN LEFAYE,MIX,02420
THEO,COCKAPOO,02420
GINGER,VIZSLA,02421
REGGIE THE WONDER DOG,RETRIEVER GOLDEN,02421
DUKE,BOXER MIX,02420
EDDIE,TERRIER YORKSHIRE,02420
CANDIE,YORKIE MIX,02420
VIOLET,TERRIER YORKSHIRE,02420
CADDIE,POODLE MIX,02420
CLIFFORD,LABRADOODLE,02421
VESPA,LABRADOR MIX,02420
SCUTO,LABRADOR MIX,02420
ZOEY,DACHSHUND MIX,02420
SNOWY,,02420
JOEY,CHIHUAHUA MIX,02420
ROXY,LABRADOR MIX,02421
BEAR,RETRIEVER LABRADOR,02420
DEE 2,TERRIER WEST HIGHLAND,02421
BRADY,HAVANESE,02421
KAI,COCKAPOO,02420
SAGO,SCHNOODLE,02420
LUNA,LAB MIX,02421
TEDDY,CATAHOULA MIX,02420
BELLI,MIX,02421
FIONA,PUG,02420
LOUIE,COCKAPOO,02421
MR BEAR,CHIHUAHUA,02420
STAR,BOXER MIX,02421
JOEY,SHETLAND SHEEP,02421
DAKOTA,HUSKY,02421
LEXXI,DACHSHUND MIX,02421
CODY,LABRADOODLE,02421
CARMEL,GREAT PYRENEES MIX,02420
BRONZINO,POODLE STANDARD,02420
LULU,PORTUGUESE WATER DOG,02421
INDY,PORTUGUESE WATER DOG,02421
TESSIE,COCKAPOO,02420
SCAMP,LABRADOODLE MIX,02420
CHOUNG CHOUNG,PEKINGESE,02420
DA DA,PEKINGESE,02420
PEDRO,SCHNAUZER MINI,02421
AMY,RETRIEVER LABRADOR,02420
MAX,POMERANIAN MIX,02421
BELLE,TERRIER CAIRN,02421
BAXTER,SPANIEL CAVALIER  KING CHARLES,02421
TOBY II,SPANIEL COCKER,02421
SCOUT,RETRIEVER LABRADOR,02420
KASPER,BICHON FRISE,02421
MARIAH,PUGGLE,02420
JACK,RETRIEVER GOLDEN,02420
SQUEAKY,BEAGLE MIX,02421
ASHLEY,COONHOUND BLUE TICK,02421
MAISIE,COONHOUND BLUE TICK,02421
KUMA,LABRADOR,02420
COSMO,AUSTRALIAN LABRADOODLE,02421
OSCAR,LABRADOODLE,02421
BELLA,TERRIER TIBETAN,02420
COSMO,POINTER GERMAN SHORTHAIR,02421
LIBBY,GOLDENDOODLE,02420
VIVI,COTON DE TULEAR,02421
CLADDAGH,RETRIEVER LABRADOR,02421
BO,LABRADOR MIX,02421
MACY,MIX,02421
RUFUS,SHEPHERD MIX,02421
MAHO,GOLDENDOODLE,02420
TUCKER,TERRIER TIBETAN,02421
JASPER,,02421
BRADY,COTON DE TULEAR,02420
BEAU,RETRIEVER GOLDEN,02421
LEXI,COCKAPOO,02421
MAYA,RETRIEVER GOLDEN,02421
MOLLY,LABRADOODLE,02420
LUCCA,SETTER ENGLISH,02421
GUS,RETRIEVER LABRADOR,02421
HANK,RETRIEVER LABRADOR,02421
CUPCAKE,CAVACHON,02420
MICCO,CHINOOK,02420
KODA,RETRIEVER GOLDEN,02420
SULLIVAN,YORKIE POO,02421
EVA,SPANIEL COCKER MIX,02420
HAPPY,BEAGLE,02421
GAVIN,RETRIEVER GOLDEN,02420
DES,TERRIER AMERICAN STAFFORSHIRE MIX,02421
KAYA,LABRADOR MIX,02420
MILO,BICHON FRISE,02421
LACY,RETRIEVER MIX,02420
HENRY,RETRIEVER LABRADOR,02421
DAKOTA,RETRIEVER LABRADOR,02421
CHEWIE,SHIH-TZU,02421
STELLA,BEAGLE,02420
ONYX,LAB/HOUND MIX,02421
SAM,BOXER,02421
TARA,RETRIEVER LAB MIX,02420
BERTRAM,POODLE STANDARD,02421
TUCKER,CAVAPOO,02420
PEPPER,LABRADOR MIX,02420
SCOUT,COLLIE BORDER,02421
CILLY,BICHON FRISE,02420
FLORA,CORGI PEMBROKE WELSH,02420
BAILEY,LABRADOODLE,02421
CODY,RETRIEVER LABRADOR,02420
STORMIE,MIX,02420
ZIGGY,POODLE STANDARD,02420
LADY,PIT BULL MIX,02420
KOA,LABRADOODLE,02421
CHOCOLATE,SPANIEL CAVALIER  KING CHARLES,02421
MAX,TERRIER BRAZILIAN,02420
PRINCE,TERRIER WEST HIGHLAND,02421
JADE,CATAHOULA MIX,02420
PAXTON,CATAHOULA MIX,02420
MARTA,WATERDOG SPANISH,02421
SAGE,AUSTRALIAN COBBERDOG,02420
LUCY,LABRADOODLE,02421
SANDY,RETRIEVER GOLDEN,02420
SHIWA,COCKAPOO,02421
HAZEL,RETRIEVER GOLDEN,02420
SADIE,HOUND MIX,02421
PERCY,MALTESE,02420
NIKKI,MIX,02421
HERO,CHIHUAHUA LONG COAT,02421
VINNIE,LABRADOODLE,02420
TESSA,BEAGLE,02420
COPPER,BEAGLE,02420
BANDIT,COLLIE MIX,02420
JINXY,PUG,02420
BLUE,RETRIEVER GOLDEN,02421
MUZZY,LABRADOODLE,02421
JUNO,RETRIEVER LAB MIX,02420
GATSBY,WHIPPET,02421
BLU,COCKAPOO,02420
FINLEY,LABRADOODLE,02421
BELLA,SHIH-TZU MIX,02420
BAILEY,MALTIPOO,02421
GIGI,DACHSHUND L.H.,02420
BARLEY,DACHSHUND,02420
CHOCHI,RETRIEVER GOLDEN,02420
WAI WAI,SHIH-TZU,02421
TOTO,POODLE TOY,02420
SCOUT,COCKAPOO,02420
PEPPER,NEWFOUNDLAND,02420
KIWI,NEWFOUNDLAND,02420
TUPAC,COLLIE BORDER,02421
ENZO,TERRIER SCOTTISH,02421
HASHBROWN,POODLE MINI,02421
TIKI,PUGGLE,02420
COOKIE,MALTESE,02421
SAM,LABRADOR SHEPHERD MIX,02420
KOJI,LABRADOODLE,02421
ROCKY,TERRIER BOSTON,02421
LAILA,PAPILLON,02421
MAYA,PAPILLON,02421
OPHELIA,PUG,02421
KENNEDY,PUGGLE MIX,02421
AMBER,GOLDENDOODLE,02420
MOLLY,COCKAPOO,02420
MADDIE,SATO,02420
QUINCY,CHIHUAHUA MIX,02420
PIPPIN,POODLE MINI,02420
MERRY,POODLE MINI,02420
PICKLE,TERRIER MIX,02421
BLUE,MIX,02420
RODDICK,MIX,02420
ELVIS,RETRIEVER GOLDEN,02420
PIPER,LABRADOODLE,02421
MONROE,MIX,02421
ROO,LAB/HOUND,02421
ELLIE MAE,BOXER MIX,02421
BRUNO,AUSTRALIAN LABRADOODLE,02420
GUS,LABRADOR,02421
KOTA,POINTER MIX,02420
JUNO,POINTER MIX,02420
JOEY,LABRADOR MIX,02420
RYLIE,RETRIEVER LABRADOR,02421
NOVA,LAB MIX,02420
MARGOT,TERRIER JACK RUSSELL,02421
MAGGIE,TERRIER MIX,02420
WILLIE,TERRIER SILKY,02420
TASHA,HUSKY SIBERIAN,02421
BUDDY,SPANIEL CAVALIER  KING CHARLES,02420
MILO,COLLIE BORDER MIX,02421
RILEY,RETRIEVER LABRADOR,02420
PIPER,CHIHUAHUA MIX,02421
SPEEDY,CHIHUAHUA,02420
JACKSON,RETRIEVER LABRADOR,02420
MAYA,PUGGLE,02421
MARLEY,TERRIER YORKSHIRE,02421
REX,TERRIER YORKSHIRE,02421
SADIE,BERNESE MOUNTAIN,02421
RUSTY,SPANIEL COCKER MIX,02421
CALVIN,RETRIEVER GOLDEN,02421
EDDIE,SPANIEL CAVALIER  KING CHARLES,02420
CHARLESTON,SPANIEL CAVALIER  KING CHARLES,02420
WALKER,MIX,02420
BOONE,NEWFOUNDLAND,02421
SHADOW,LAB RETRIEVER MIX,02421
MACY JO,RETRIEVER LABRADOR,02421
MARIN,TERRIER AIREDALE,02421
BODE,LABRADOODLE,02421
WINNIE,HAVANESE,02420
BETSY,SHEEPDOG ICELANDIC,02420
SCOUT,SHEEPDOG,02420
ROY,SHEEPDOG,02420
BROOKE,,02420
PANDA,,02420
STELLA,TERRIER TIBETAN,02421
RUBY,TERRIER TIBETAN,02421
IZZY,RETRIEVER LABRADOR,02420
GRETTA,SHEPHERD GERMAN,02420
SKYE,COLLIE BORDER MIX,02421
OSCAR,RETRIEVER GOLDEN,02421
MIA,RETRIEVER LAB MIX,02421
BUCKY,COCKAPOO,02421
DAISY,WHOODLE,02421
STELLA,CORGI SHETLAND MIX,02420
DAISY,LABRADOODLE,02421
BEATRICE,LABRADOODLE,02421
SCOUT,WELSH CORGI PEMBROKE,02421
CASEY,SPANIEL,02421
BECKETT,RETRIEVER GOLDEN,02420
ATLAS,BOXER MIX,02421
STANLEY,POODLE MINI,02420
BINGO,TERRIER MIX,02420
MOSHI,TERRIER WELSH,02420
BROOKLN,TERRIER PIT BULL,02420
CLEO,COCKAPOO,02421
CHARKIE,TERRIER SOFT WHEATEN,02420
KOBEE,COLLIE MIX,02421
RORY,TERRIER WELSH,02420
BREWSTER,GOLDENDOODLE,02420
CARLEY,COLLIE BORDER MIX,02420
MULLIGAN,RETRIEVER LABRADOR,02421
MAGOO,RETRIEVER LABRADOR,02421
NOVA,MALTIPOO,02421
INDY,BEAGLE MIX,02421
ECHO,LABRADOODLE,02420
DYLAN,SHEPHERD AUSTRALIAN MIX,02421
ZIGGY,SHEPHERD AUSTRALIAN MIX,02421
NALA,SHEPHERD GERMAN,02420
WILBUR,LAB MIX,02420
MAX,TERRIER YORKSHIRE,02420
KITTU,PUGGLE,02420
MOOKIIE,SHEPHERD AUSTRALIAN MIX,02420
IZZIE,SHEPHERD AUSTRALIAN MIX,02420
MARLEY,LAB RETRIEVER MIX,02421
OLLIE,GOLDENDOODLE,02420
TUCKER,BEAGLE MIX,02420
CARLOS,TERRIER BOSTON,02420
RUBY,AUSTRALIAN LABRADOODLE,02421
BELLA,SCHNAUZER MINI,02420
NISHA,RETRIEVER LABRADOR,02421
TUCKER,SPANIEL MIX,02421
PEPPER,RETRIEVER LABRADOR,02420
CANDY,SHIH-TZU,02420
CHASE,AUSTRALIAN LABRADOODLE,02420
CLYDE,RETRIEVER LAB MIX,02421
BERNIE,SHEPHERD BOXER MIX,02420
MAISIE,TERRIER WEST HIGHLAND,02420
PIXEL,TERRIER MIX,02421
TUCKER,RETRIEVER MIX,02420
GRETEL,DACHSHUND L.H. MINI,02420
ANNIE,SATO,02421
CALLIE,CATTLE DOG AUSTRALIAN,02420
PENNY,RETRIEVER LABRADOR,02420
LUNA,BOXER MIX,02421
ANGEL,MINITUARE PINSCHER,02421
MAGGIE,SHEPHERD GERMAN,02420
RUBY,RETRIEVER LABRADOR,02421
JOEY,SPANIEL SPRINGER,02421
MARLEY,RETRIEVER GOLDEN MIX,02420
MOXIE,SAMOYED,02421
BODHI,RETRIEVER GOLDEN,02421
LOLA,GOLDENDOODLE,02420
OBI,SPANIEL CAVALIER  KING CHARLES,02421
MILO,BERNESE MOUNTAIN,02420
OSO,BERNESE MOUNTAIN,02420
BUDDY,BEAGLE MIX,02420
IOLO DDU,BRIARD,02420
ROOKIE,MIX,02421
OLLIE,SPANIEL CAVALIER  KING CHARLES,02420
ZEUS,SPANIEL CAVALIER  KING CHARLES,02421
MAXINE,TERRIER MIX,02421
RUFUS,LABRADOR MIX,02420
LORA,LAB RETRIEVER MIX,02420
WELLINGTON,SPANIEL SPRINGER,02420
PHOEBE,MIXED MUTT,02421
NIKO,TERRIER YORKSHIRE,02421
OLIVER,LABRADOODLE,02421
BESSIE,SHIH-TZU,02421
ZEUS,COCKAPOO,02420
GUS,RETRIEVER LABRADOR,02421
FENWAY,COCKAPOO,02420
RANGER,DACHSHUND MIX,02421
BAXTER,POODLE MIX,02420
FREDERICK,SPANIEL CAVALIER  KING CHARLES,02420
LUNA,WEIMARANER,02421
BAILEY,RETRIEVER GOLDEN,02420
MARGOT,GOLDENDOODLE,02420
GINGER,GOLDENDOODLE,02420
MACEY,RETRIEVER GOLDEN,02420
STELLA,COTON DE TULEAR,02420
AJAX,SHEPHERD MIX,02421
ANNIE,HAVANESE,02420
GEORGIA,LABRADOR MIX,02420
TULIP,BEAGLE,02420
LUCY,COCKAPOO,02420
BUDDY,LABRADOODLE,02421
EMMA,TERRIER BOSTON,02421
BAILEY,BEAGLE,02421
LAYLA,POODLE TOY,02421
DAISY,COCKAPOO,02420
CARL,HAVANESE,02420
TECO,DACHSHUND,02421
COOPER,SHEPHERD MIX,02420
MAGGIE,SPANIEL BRITTANY MIX,02421
ROSIE,RETRIEVER GOLDEN,02421
LULA,COCKAPOO,02421
RAFFERTY,COCKAPOO,02420
HALEY,BICHON FRISE,02421
TOBY,SPANIEL COCKER,02420
CHARLIE,TERRIER WHEATEN,02420
LOUIS,SCHNAUZER MINI,02420
MIO,NORWEIGAN ELKHOUND,02421
MOMO,NORWEIGAN ELKHOUND,02421
HUNTER,RETRIEVER GOLDEN,02420
ROOTIE,COCKAPOO,02420
NELLIE,COCKAPOO,02420
TUCKER,RETRIEVER GOLDEN,02421
KAJSA,BOXER MIX,02420
BO,POMERANIAN,02420
LULU,RETRIEVER MIX,02421
CHLOE,MIX,02421
JASPER,MUSTERLANDER SMALL,02420
TESS,MUSTERLANDER SMALL,02420
FRANKIE,TERRIER,02420
COOKIE,PUGGLE,02421
LUCY,TERRIER AMSTAFF,02421
TRIXIE,BICHON FRISE,02421
COOPER,BULLDOG FRENCH,02420
COOKIE,POODLE,02421
ROBIE D,SPANIEL BRITTANY MIX,02420
LUNA,LABRADOR BLACK MIX,02420
MOCHA,LABRADOODLE,02420
GRACE O'MALLEY,RETRIEVER GOLDEN,02420
ROZZIE,LABRADOODLE,02421
KHALEESI,SHARPEI,02420
OLIVE,TERRIER YORKSHIRE,02421
AUTUMN,SPANIEL MIX,02420
MAYA,RETRIEVER LABRADOR,02421
CHESTER,SPANIEL COCKER MIX,02421
EVIE,COLLIE BORDER,02421
BAXTER,SCHNAUZER MINI,02420
WATSON,GOLDENDOODLE,02420
CASEY,RETRIEVER GOLDEN,02421
TASHMOO,GOLDENDOODLE,02421
BUDDY,SHEPHERD GERMAN,02420
RUSTY,SHEPHERD GERMAN,02420
SOPHIE,TERRIER YORKSHIRE,02420
MAGGIE,LABRADOR MIX,02421
CODY,SPANIEL COCKER MIX,02421
GINGER,SPANIEL COCKER MIX,02421
KODA,LABRADOR,02420
FRANKIE,TERRIER BOSTON,02421
TUUKKA,SPANIEL CAVALIER  KING CHARLES,02420
ANNIE,SHIH-TZU,02421
LILY,SHEPHERD GERMAN,02420
ELLE,HOUND MIX,02420
LILY,LABRADOODLE,02420
PRINCE,SPANIEL CAVALIER  KING CHARLES,02421
DELILAH,LABRADOR POODLE MIX,02421
JEB,TERRIER BOSTON,02421
RAEPHY,LABRADOODLE,02420
SCOUT,RETRIEVER GOLDEN,02421
DAKOTA,AMERICAN ESKIMO,02421
COPPER,BOXER,02420
ARCHIE,RETRIEVER MIX,02421
BRACKEN,LABRADOODLE,02420
MUGGSY,PUG,02421
MAXI,COTON DE TULEAR,02421
EEVEE,BICHON FRISE,02420
BABY,CHOW MIX,02420
DEXTER,MIX,02420
MADDIE,MALTESE,02420
CHARLIE,MALTESE,02420
KATIE,COCKAPOO,02421
BROWNIE,SHIH-TZU POODLE MIX,02420
EVA,MIX,02420
MOKA,MIX,02421
MICAH,POODLE STANDARD,02420
JETHRO,COCKAPOO,02420
ZARA,BOXER MIX,02420
CALI,LABRADOR MIX,02421
LEXIE,RETRIEVER GOLDEN,02420
BARKLEY,RETRIEVER LABRADOR,02420
PINKMAN,GREYHOUND,02420
PRINCESS,MALTESE,02421
OLIVER,PAPILLON,02421
BAILEY,RETRIEVER GOLDEN,02420
DOLSA,BERNESE MOUNTAIN,02420
DAISY MAE,BOXER MIX,02420
ANGEL,RETRIEVER LABRADOR,02421
ARCHER,LABRADOODLE,02421
MELANIE,CATTLE DOG AUSTRALIAN,02421
LEO,MIX,02421
JULES,COCKAPOO,02420
IZZY,SCHNAUZER MINI,02421
TOOTIE,BULLDOG ENGLISH,02420
BARNABY,POODLE MIX,02420
ALI BABA,SHIH-TZU,02420
PEPPER,SCHNAUZER MINI,02421
BUNNY,RETRIEVER LAB MIX,02420
BRADY,GOLDENDOODLE,02421
SARGE,SHEPHERD GERMAN,02421
BENTLEY,BEAGLE MIX,02421
BOWIE,LAGOTTO ROMAGNOLO,02421
PHOEBE,RETRIEVER LAB MIX,02421
SOPHIE,BICHON FRISE,02420
YOKO,AKITA,02421
PIPPA,SPANIEL COCKER MIX,02421
ZEKE,RETRIEVER GOLDEN,02421
MURPHY,GOLDENDOODLE,02421
SUMMER,GOLDENDOODLE,02421
ZADIE,POODLE STANDARD,02421
PENNY,CAVACHON,02421
NALA,RETRIEVER GOLDEN MIX,02420
ROY,CORGI MIX,02421
LUCIE,SHIH-TZU,02421
CHLOE,RETRIEVER LABRADOR,02420
JACK,HUSKY MIX,02420
WILEY,CHIHUAHUA MIX,02421
MOJAVE,CHIHUAHUA MIX,02421
PEPPER MCBEE,LABRADOODLE,02420
GEORGE,LABRADOODLE,02420
NINA,MALTESE,02421
ANNIE,GOLDENDOODLE,02421
OLLIE,DACHSHUND,02421
LYRA,BEAGLE MIX,02421
BOOTS,SHEPHERD GERMAN MIX,02421
DIESEL,RETRIEVER LABRADOR,02421
DUKE,CHIHUAHUA,02421
ELLA,LABRADOR MIX,02421
LEO,SPANIEL COCKER MIX,02420
COCO,GOLDENDOODLE,02420
GEORGIA,MIX,02420
ROSIE,RETRIEVER GOLDEN,02420
JAZMINE,POODLE STANDARD,02420
BUDDY,GOLDENDOODLE,02421
LOLA,SCHNAUZER MINI,02420
TESSIE,SCHNAUZER MINI,02420
SPENCER,RETRIEVER LABRADOR,02421
BAILEY,RETRIEVER LABRADOR,02421
KENYA,HUSKY MIX,02420
MAX,MIX,02420
PRESTON,SHIH-TZU,02420
ZEUS,SHIH-TZU MALTESE MIX,02420
BUSTER,GOLDENDOODLE,02421
MEMPHIS,SHEPHERD GERMAN,02420
RUBY,GOLDENDOODLE,02421
AVIVA,BERNESE MOUNTAIN,02421
RYLEE,RETRIEVER LABRADOR,02421
FYN,RETRIEVER GOLDEN,02421
RUSTY,VIZSLA,02420
BENJI,RETRIEVER MIX,02421
RUBY,MIX,02420
CHARLIE,LABRADOODLE,02420
CHRYSTA,GOLDENDOODLE,02421
TEDDY,SPANIEL COCKER MIX,02421
LUCY,BEAGLE,02421
DARWIN,BEAGLE MIX,02421
CALVIN,BOXER,02420
BELLA,LABRADOODLE,02420
BELLA,LAB/HOUND MIX,02421
SAMPSON,SETTER ENGLISH,02421
LEXIS,LABRADOR,02420
LOGAN,LABRADOODLE,02420
LUCITA,DACHSHUND,02421
WAYLON,BEAGLE,02420
BRADY,POODLE MIX,02420
PEPPER,TERRIER BORDER MIX,02420
EVIE,BICHON SHIZU MIX,02420
BRUNO,SHIH-TZU MIX,02420
FINLEY,LABRADOODLE MIX,02420
MAC,TERRIER MIX,02421
MICKEY,HAVANESE,02421
CODY,RETRIEVER LABRADOR,02420
NICKI,TERRIER WEST HIGHLAND,02420
CASSIE,DOUBLE DOODLE,02421
OSCAR,DACHSHUND L.H.,02421
JACKSON,RETRIEVER GOLDEN,02421
CHARLIE,RETRIEVER GOLDEN,02421
KALA,RETRIEVER GOLDEN,02421
MAC,BULLDOG FRENCH,02421
OLLIE,POODLE CHINESE CRESTED MIX,02420
DUNCAN,SHEPHERD MIX,02420
LILY,TERRIER JACK RUSSELL MIX,02421
TRIXIE,MASTIFF MIX,02420
PURPLE,PIT BULL,02420
CAMILLA,PINSCHER MINI,02421
LYLA,LABRADOR MIX,02420
OGDEN,RETRIEVER LABRADOR,02420
GUS,RETRIEVER GOLDEN,02420
LUNA,SHEPHERD GERMAN MIX,02421
PENNY,PEKAPOO,02421
INDIE,RETRIEVER LABRADOR,02421
OLIVER,LABRADOODLE,02421
NOGGIN,LABRADOODLE,02420
ROXY,SHEPHERD MIX,02420
LOKI,GREAT PYRENEES MIX,02420
MISHKA,RETRIEVER LABRADOR,02420
GORBY,SHEPHERD AUSTRALIAN MIX,02421
BELLA,LABRADOR MIX,02421
PIXEL,RETRIEVER LABRADOR,02421
CALYPSO,RETRIEVER LABRADOR,02421
"MADDISON ""MADDY"" RUBIN",MALTESE,02421
WHISPER,COLLIE BORDER,02420
CRAIG,LABRADOR,02420
ATTICUS,PUGGLE,02421
TRUMAN,SHELTIE,02421
REBEL,SETTER ENGLISH,02420
BLAKE,TERRIER SOFT COATED,02420
ROSIE,SHEPHERD MIX,02421
BEA,TERRIER BOSTON,02420
SHADOW,LAB MIX,02421
FERRIS,BEAGLE MIX,02420
ESME,MIX,02421
DENNY,SCHNOODLE,02421
DESI,HAVANESE,02420
CHIP,TERRIER YORKSHIRE,02421
KENZIE,LABRADOODLE,02421
GIO,RETRIEVER LABRADOR,02420
SIMBA,HAVANESE,02421
ZIGGY,,02421
PIPPIN,POODLE,02420
BEN,POODLE TOY,02420
HARRIET,POODLE STANDARD,02421
PYJAMA,POODLE MIX,02420
LEXINGTON,COTON DE TULEAR,02421
SHADOW,SPANIEL COCKER MIX,02420
OLIVER,COCKAPOO,02420
MAX,MIX,02420
COCO,HAVANESE,02421
ROCKY,PAPILLON,02420
BRADY,RETRIEVER LABRADOR,02420
BAILEY,BEAGLE MIX,02420
PIPPA,LABRADOODLE,02421
SEAMUS,LABRADOODLE,02421
SNOWY,LAB/GREAT PYRENEES MIX,02420
NOODLES,PUG,02421
BEAU,POODLE TOY,02421
ZUZU,LABRADOODLE,02421
WILLIE,CHIHUAHUA,02421
MICRO,HAVANESE,02421
LUCY,WELSH CORGI PEMBROKE,02421
GUS,SPANIEL COCKER MIX,02420
MISHA,POODLE STANDARD,02421
ACE,POINTER MIX,02420
NELLIE,HOUND MIX,02421
GINNY,SPANIEL MIX,02421
COCO,SCHNOODLE,02420
CHARLEY,PUGGLE,02421
ASHER,BOXER MIX,02421
LUNA,RETRIEVER LABRADOR,02420
NELLIE,CHIHUAHUA,02420
BELLA,BICHON FRISE,02420
AZA,TERRIER TIBETAN,02420
CHAPLIN,LABRADOODLE,02421
BAILEY,BEAGLE MIX,02420
MAGGIE,COTON DE TULEAR,02421
ENZO,VIZSLA,02420
DAISY,LAB/SHEP MIX,02421
MOLLY,COCKAPOO,02421
RIVET,HUSKY SIBERIAN,02421
TROUBLE,SHIBA INU,02421
SCRAPPY,TERRIER MIX,02420
AUGGIE,LABRADOODLE,02420
PEPPER,LABRADOR MIX,02420
NICCO,MIX,02421
YODA,PINSCHER MINI MIX,02420
WALTER,BICHON SHIZU MIX,02421
MAZEL,TERRIER SOFT WHEATEN,02421
WINNIE,PUG,02420
SADIE,LABRADOR MIX,02421
NUGGET,LABRADOODLE,02420
BRADY,TERRIER YORKSHIRE,02420
RUDY,LABRADOR MIX,02420
KIPPER,BEAGLE MIX,02421
LUCY,POINTER GERMAN SHORTHAIR,02420
MAPLE,COCKAPOO,02420
APRIL,HAVANESE,02420
CODY,TERRIER WELSH,02421
MILO,SHEPHERD LAB MIX,02421
MOLLY,LABRADOODLE,02421
DOMINO,HAVANESE,02421
FINN,SPANIEL BRITTANY MIX,02421
LUNA,,02421
SOX,CATTLE DOG,02420
BILLU,COCKAPOO,02421
IVY MENON,RETRIEVER LABRADOR,02421
CORY,BICHON FRISE,02420
FIFI,SHEEPDOG,02420
MIKA,TERRIER WHEATEN,02420
LUCY,TERRIER JACK RUSSELL MIX,02421
LIAM,TERRIER JACK RUSSELL MIX,02421
CARL,MIX,02421
BIANCO,MIX,02420
MOLLY MAE,MIX,02421
BEAU,RETRIEVER GOLDEN,02420
STELLA,BULLDOG FRENCH,02421
STELLA,COLLIE BORDER MIX,02420
HOUSTON,BOXER,02420
APPA,SHEEPDOG ICELANDIC,02420
TJULLA,SHEEPDOG ICELANDIC,02420
CHARLIE,LABRADOODLE,02421
OREO,LABRADOODLE,02421
KAYLEE,POINTER GERMAN SHORTHAIR,02421
LEELA,POODLE,02420
LUCY,TERRIER MIX,02420
LILY,POMERANIAN,02420
MAIA,POINTER MIX,02421
REINA,HOUND MIX,02420
MIKO,MIX,02420
AUSTIN,RETRIEVER LABRADOR,02421
CHARLIE,SHEPHERD AUSTRALIAN,02421
SAM,BICHON FRISE MIX,02421
HUDSON,SPANIEL BRITTANY MIX,02421
MISSY,SHEPHERD AUSTRALIAN MIX,02421
JACKSON,RETRIEVER GOLDEN MIX,02421
SUME,RETRIEVER LABRADOR,02420
BAXTER,TERRIER CAIRN,02421
BENJI,POM/CHI,02420
GEORGIE,RETRIEVER GOLDEN,02420
SKYLAR,YORKIE POO,02420
BAXTER,TERRIER BOSTON,02421
BUBBY,CHIHUAHUA MIX,02420
GOLDIE,RETRIEVER GOLDEN,02421
CYAN,TERRIER TIBETAN,02421
CJ,CATTLE DOG AUSTRALIAN,02420
SCOUT,LABRADOR,02420
IZZY,RETRIEVER LABRADOR,02421
ROSCOE,TERRIER WEST HIGHLAND,02420
BAUER,HAVANESE,02420
BELLA,HAVANESE,02420
HEIDI,LABRADOR MIX,02421
MOOSE,TERRIER BOSTON,02421
SCARLET,RETRIEVER LABRADOR,02421
KYRA,RETRIEVER GOLDEN,02421
MADDUX,RETRIEVER GOLDEN,02420
MILO,LABRADOR,02421
MUFFIN,SHIH-TZU,02420
MAGGIE MAE,BEAGLE,02420
ORLA,RETRIEVER MIX,02421
YAWNY,SHEEPDOG AUSTRALIAN MINI,02420
MOOKIE,RETRIEVER LABRADOR,02420
PATACHON,DACHSHUND,02421
PAPI,MIX,02420
LILY,RETRIEVER GOLDEN,02421
SPARKY,CORGI PEMBROKE WELSH,02421
MAYPO,SHIBA INU,02421
THEODORA II,SHELTIE,02421
CLEMENTINE,SHELTIE,02420
CODY,SHELTIE,02420
MILO,SPANIEL CAVALIER  KING CHARLES,02420
LOGAN,KOOIKERHONDJE,02421
ANDY,DACHSHUND,02420
OSCAR,SPANIEL CAVALIER  KING CHARLES,02420
GINGER,COCKAPOO,02421
CHERIE,TERRIER BORDER,02420
MISO,GOLDENDOODLE,02421
GINGER,TERRIER SOFT WHEATEN,02421
WHISKEY,TERRIER SOFT WHEATEN,02421
RAVEN,SPANIEL CAVALIER  KING CHARLES,02421
NENA,LABRADOR MIX,02420
TUCKER,SPANIEL BRITTANY MIX,02421
JINX,MIX,02421
FOLLY,RETRIEVER GOLDEN,02421
LEXI,GOLDENDOODLE,02421
CARLY,TERRIER YORKSHIRE,02421
MAX,TERRIER YORKSHIRE,02421
RHEA,SPANIEL BRITTANY MIX,02421
TUCKER,RETRIEVER LABRADOR,02420
WILLKIE,MALTESE,02421
CHILI,BEAGLE MIX,02421
COCO,HOUND MIX,02421
LEO,SHEPHERD AUSTRALIAN MIX,02421
CHARLIE,RETRIEVER LAB MIX,02420
LUCA,RETRIEVER LAB MIX,02421
HEIDI,BERNESE MOUNTAIN,02420
BELLA,LABRADOR,02420
OCEAN,LAB/HUSKY,02421
DAISY,LABRADOR,02420
GORGI,MALTESE MIX,02420
BELLA,TERRIER YORKSHIRE,02421
SADIE MAE PUMPKIN,MORKIE,02420
ROSIE,RETRIEVER LABRADOR,02421
MADDIE,COCKAPOO,02421
RUSTY,POMERANIAN,02420
ROCKY,MIX,02421
LAITI,MIX,02421
BALOO,PUGGLE,02420
NEO-LATTE,BEAGLE MIX,02420
CIDER,MIX,02420
TUCK,RETRIEVER MIX,02420
ROMEO,GOLDENDOODLE,02420
NIKKI,COLLIE  ROUGH COAT,02421
CODA,MIX,02421
ZERMATT,SPANIEL COCKER MIX,02421
LUCY,MIX,02421
DARLA,BEAGLE MIX,02420
KITA,HUSKY,02421
RUFUS,SHEPHERD ANATOLIAN  MIX,02421
COOPER,BEAGLE MIX,02421
WINSTON,BULLDOG FRENCH,02421
COCO,CHIHUAHUA MIX,02420
PIPER,MIX,02420
BAILEY,HUSKY MIX,02421
NDITO,MIXED BREED/COLLIE,02420
STORM,SHEPHERD AUSTRALIAN,02421
ROXIE,RETRIEVER MIX,02421
SOPHIE,RETRIEVER LABRADOR,02420
IVY,GOLDENDOODLE,02421
KONA,CHIHUAHUA,02420
NERON,TERRIER RUSSIAN,02420
MISTY LOU,HAVANESE,02421
SUNSHINE,MALTESE,02420
SNOW STAR,MALTESE,02420
COOPER,TERRIER JACK RUSSELL MIX,02420
PENELOPE (PENNY),HOUND MIX,02420
TOBI,RETRIEVER LABRADOR,02420
GINGER,POMERANIAN,02420
FLINA,TERRIER BOSTON,02420
PARKER,LABRADOR MIX,02421
HAZEL,MIX,02420
RICKY,SHIH-TZU,02421
ELLA,SHIH-TZU,02421
SANDY,SHEPHERD AUSTRAILIAN,02420
CHIP,TERRIER YORKSHIRE MIX,02420
SKIPPER,DACHSHUND JACK RUSSELL MIX,02421
LIESL,SCHNAUZER MINI,02421
MAX,RETRIEVER GOLDEN,02420
LOGAN,SHEPHERD ROTTWEILER MIX,02420
GASTON,BULLDOG FRENCH,02420
MARGOTTE,BULLDOG FRENCH,02420
PRINCE EMMETT,TERRIER BOSTON,02421
MAX,TERRIER WEST HIGHLAND,02421
ANNEX,LABRADOODLE,02420
ROVER,ROTTWEILER,02421
MILO,SHIH-TZU MIX,02421
LILLY,CAVACHON,02421
WOODY,RETRIEVER GOLDEN,02421
TONY,,02420
BRUTUS,SCHNAUZER MINI,02421
CHARLIE,RETRIEVER GOLDEN,02420
SASSY,SPANIEL CAVALIER  KING CHARLES,02421
CODY,RETRIEVER LABRADOR,02420
GINA,POODLE STANDARD,02421
JUPP,DACHSHUND WIREHAIR,02421
MILLY GETMANOVA,SPANIEL COCKER MIX,02421
SUNNY,SPANIEL CAVALIER  KING CHARLES,02420
MUMY,CHIHUAHUA,02421
CHIHZ,CHIHUAHUA,02421
KAYLEE,RETRIEVER LABRADOR,02420
ELLSBURY,PORTUGUESE WATER DOG,02421
PENNY,TERRIER BOSTON,02421
SAMMI,TERRIER BOSTON,02421
ESCA,SHEPHERD AUSTRALIAN MIX,02420
KODA,GOLDENDOODLE,02421
PEPPER,POINTER MIX,02420
CASEY,COLLIE BORDER MIX,02420
ROCKET,HOUND MIX,02421
CHARNER,RETRIEVER LABRADOR,02420
HAZEL,PORTUGUESE WATER DOG,02420
BUDDY,POODLE MINI,02420
ANDI,GOLDENDOODLE,02420
WALLY,TERRIER MIX,02421
EDEN,ARUBIAN CUNUCU,02421
SAM,BOXER,02420
JERRY,RETRIEVER GOLDEN,02421
BEAR,COTON DE TULEAR MIX,02421
BRADY,GOLDENDOODLE,02421
TUCKER,LABRADOODLE,02421
JULIE,MIX,02421
COCO,MIX,02421
CHARLIE,PUGGLE,02421
LUCAS,TERRIER TIBETAN,02421
PUMPKIN,BEAGLE,02421
CLANCY,SPANIEL CAVALIER KING CHARLES,02421
OLLIE CYRIL WEILER,SPANIEL CAVALIER  KING CHARLES,02421
ZION,RHODESIAN RIDGEBACK,02421
SHMULI,COCKAPOO,02420
FIONA,TERRIER AIREDALE,02421
GRACIE BELL,TERRIER YORKSHIRE MIX,02420
GINNY RIGGINS,POODLE MIX,02421
LOVEY,SPANIEL CAVALIER  KING CHARLES,02421
FRODO,TERRIER FOX,02421
MIA,TERRIER MIX,02421
SAMSON,RETRIEVER GOLDEN,02421
MABEL,SALUKI MIX,02420
MILLIE,BULLDOG FRENCH,02421
GEORGIA,LABRADOODLE,02420
ATTICUS,BEAGLE MIX,02421
DIMA,MALTESE,02421
REMY,RETRIEVER GOLDEN,02421
BELLA,SHEPHERD MIX,02421
MOLLY,SHELTIE,02421
GAUCHO,TERRIER JACK RUSSELL,02421
TYLER,GOLDENDOODLE,02421
NAVY,RETRIEVER LABRADOR,02420
MILO,COCKAPOO,02421
COCOA,HOUND MIX,02421
LADY DIANA VON,ROUGH COLLIE,02420
FINLEY,LABRADOR,02420
RUBY,LAB MIX,02420
KIRBY,POODLE MIX,02421
NOVA,HAVANESE,02421
DENVER,RETRIEVER LABRADOR,02421
RUBY,CAVACHON,02420
SCOOTER,SPANIEL COCKER MIX,02421
ELI,SHEPHERD GERMAN,02420
LUCY,SHELTIE MIX,02421
FONZIE,SHEEPDOG SHETLAND,02421
PIPPIN,SHEPHERD GERMAN,02421
LEXI,MIX,02420
CALLIE,RETRIEVER GOLDEN,02420
REMY,POODLE STANDARD,02421
TOBY,POODLE STANDARD,02421
SANDY,GOLDENDOODLE,02421
EMMA,BICHAPOO,02421
BEAR,POMERANIAN MIX,02421
LAYLA,SHIH-TZU,02421
JAY,MALTIPOO,02421
DAISY,MALTIPOO,02421
VELVET,HAVANESE,02420
MILLIE,SHIH-TZU MIX,02420
MUFASA,SHEPHERD AUSTRALIAN MIX,02421
NOODLE,SCHNAUZER MINI,02421
CHARLIE,POODLE MINI,02420
SHERLOCK,SHIBA INU,02421
CHASE,SHIH-TZU,02420
OREO,SHIH-TZU,02420
KAMDEN,SCHNOODLE,02420
REMI,WATERDOG SPANISH,02421
LU LU,COLLIE BORDER MIX,02420
ACE,GOLDENDOODLE,02420
PATRICK,RETRIEVER GOLDEN,02421
TEDDY,RETRIEVER LABRADOR,02420
LUCKY,MALTESE,02420
LEXI,COLLIE,02421
KENNY,COCKAPOO,02420
LUKA,HAVANESE,02420
OHANA,MIX,02421
HANS,SHEPHERD GERMAN,02420
SOPHIE,BEAGLE,02420
SCOOTER,HAVANESE,02420
RUGBY,HAVANESE,02420
LUNA,RETRIEVER LABRADOR,02420
EDISON,COCKAPOO,02421
OLIVER,TERRIER,02421
TARA,HOUND MIX,02421
EMY,HAVANESE,02420
POPPY,HAVANESE,02420
WILLOW,AUSSIE DOODLE,02421
LUCY,TERRIER MIX,01890
COCO,BICHON FRISE,02421
DOUDOU,POMERANIAN,02420
HAPPY,MALTESE,02420
GUS,DACHSHUND L.H. MINI,02421
LUCCA,RETRIEVER LAB MIX,02420
CLEO,LAB,02420
SAMANTHA,RETRIEVER GOLDEN,02420
RILEY,BICHON FRISE,02421
COLBY,MALTESE,02420
NEO,PORTUGUESE WATER DOG,02421
PENNY,SHEPHERD GERMAN,02420
JAKE,TERRIER WELSH,02421
HOLLY,LABRADOR,02421
HUGO,POODLE MINI,02421
GINGER,LHASA APSO,02420
CARLO,RETRIEVER GOLDEN,02420
BERLIN,DACHSHUND  MINI,02421
XIAO XIAO,POODLE TOY,02420
SHARIK,LABRADOR,02420
COOKIE DOUGH,SHIH-TZU,02420
MAXWELL,SCHNAUZER MINI,02421
MILLIE,COCKAPOO,02420
KITTY,SHIBA INU,02421
ARTIE,SHEPHERD GERMAN,02421
NORA,MIX,02421
ATLAS,POODLE STANDARD,02420
BELLA,RETRIEVER LABRADOR,02421
MAGGIE,MIX,02421
CRISPIE,CAVACHON,02420
ARCHIE,HOUND MIX,02421
WILLOW,LAB MIX,02420
NORA,PIT BULL MIX,02421
ROCKY,SCHNOODLE,02420
BAXTER,LABRADOODLE MIX,02421
HUGO,LABRADOODLE,02421
HUSKY,COCKAPOO,02420
SUER,SHIBA INU,02420
BRYCE,RHODESIAN RIDGEBACK,02421
ANAJO,LAB MIX,02421
BRADY,LAB,02420
OPAL,COCKAPOO,02421
BROWNIE,GOLDENDOODLE,02420
BERKELEY,GREATER SWISS MOUNTAIN,02420
PEPPER,TERRIER TIBETAN,02420
GOLDIE,RETRIEVER GOLDEN,02420
TEDDY,MALTESE,02420
EUGENE,GRIFFON BRUSSELS,02421
LUCKY,COLLIE BORDER MIX,02420
SAMMY,RETRIEVER GOLDEN,02421
HAZEL,YORKIE,02421
IZZY,HUSKY MIX,02421
FRANKLIN,TERRIER MIX,02420
BIAJI,RETRIEVER GOLDEN,02420
PENELOPE,SHEPHERD GERMAN,02420
BEATRICE,WHOODLE,02420
TUBBY,ROTTWEILER,02421
LAMAY,BULLDOG ENGLISH,02420
TIMBER,BEAGLE MIX,02421
COOPER,MIX,02420
FIONA,TERRIER WHEATON MIX,02420
TEDDY,MALTESE MIX,02420
ROCCO,JAPANESE AKITA,02420
CRYSTAL,LAB,02420
NIKKA,POINTER GERMAN SHORTHAIR,02421
MOLLY,RETRIEVER GOLDEN,02420
MARLEY,MIX,02420
AGNES,BULLDOG FRENCH,02421
SADIE,TERRIER TIBETAN,02421
AMME,PUG,02421
OLLIE,SHIH-TZU,02420
ALICE,TERRIER AUSTRALIAN,02421
PHYLLIS VIVIAN,BASSET HOUND,02421
COOPER,RETRIEVER LABRADOR,02421
TAFFIE,RETRIEVER GOLDEN,02421
TOBY,LABRADOODLE AUSTRALIAN MINI,02420
HUN-HUN,MIX,02420
MIDO,POMERANIAN,02420
GUS,RETRIEVER GOLDEN,02421
SADIE,COTON,02421
WINSTON,RETRIEVER GOLDEN,02420
NATALIE,COLLIE BORDER,02421
DAHLIA,GOLDENDOODLE,02421
OSCAR HOKIS,RETRIEVER GOLDEN,02420
STAR,LABRADOODLE AUSTRALIAN,02420
LATTE,LAB/HOUND MIX,02421
DAKOTA,RETRIEVER GOLDEN,02421
ZITA,LABRADOR,02421
KIRA,LABRADOR,02421
UMI,SCHNAUZER MINI,02421
HARMONY,CAVACHON,02421
COPLEY,RETRIEVER GOLDEN,02421
BALOO,RETRIEVER LABRADOR,02421
KUZI,CHINOOK,02421
PAN PAN,SAMOYED,02421
SHADY,RETRIEVER LABRADOR,02421
ANNIE,MIXED,02420
BOSTON,SHEPHERD GERMAN,02420
BONO,RETRIEVER LABRADOR,02420
LOUIE,RETRIEVER LABRADOR,02421
CLARENCE,RETRIEVER LABRADOR,02421
OLIVE,RETRIEVER LABRADOR,02420
TUCKER,COTON DE TULEAR,02420
LUNA,COTON DE TULEAR,02420
CALHOUN,RETRIEVER GOLDEN,02421
HOLLY,SPANIEL COCKER MIX,02420
MARLEY,CAVACHON,02421
RUDY,VIZSLA,02420
SPARKLE,MIX,02421
TOMMY,CHIHUAHUA LONG COAT,02421
DARCY,MIX,02421
BAMBI,GOLDENDOODLE,02421
HAZY ACUNA,SPANIEL CAVALIER KING CHARLES,02420
MAPLE,POODLE TOY,02421
KYRA,POMERANIAN,02420
VALENTINE,PIT BULL,02420
TROOPER COLBY,RETRIEVER LABRADOR,02421
CALVIN,PORTUGUESE WATER DOG,02421
DIXIE,GOLDENDOODLE,02420
WILLY,TERRIER MIX,02420
BRADLEY,HOUND LAB,02421
LOUIS,BULLDOG FRENCH,02420
GRIFFIN,BICHON POODLE MIX,02421
ROXI,COONHOUND BLUETICK,02420
BENSON,TERRIER WEST HIGHLAND,02420
RANGER,PORTUGUESE WATER DOG,02420
FENWAY,MIXED,02421
GRACIE,LABRADOODLE,02421
RUBY,MIX,02420
MINNIE,LAB MIX,02421
ROSIE,POODLE MINI,02420
WILLIAM,POODLE MINI,02420
JO,SCHNOODLE,02420
LEO,YORKIE POO,02421
LEO,DASCHUND,02420
MOLLY,LAB MIX,02420
RIDER,SHEEPDOG SHETLAND,02420
TIGER,SCHNAUZER MINI,02421
LEXI,RETRIEVER GOLDEN/COCKER SPANIEL,02421
KANA,COLLIE BORDER,02421
MIKA,RETRIEVER GOLDEN,02421
TEDDY,CAVACHON,02421
LUNA,MIXED,02421
FINLEY,HAVANESE,02421
REGGIE,LABRADOODLE,02420
TUNDRA,HUSKY SIBERIAN,02420
FIALA,CHIHUAHUA MIX,02421
BRODY BRENNAN BURK,TERRIER TIBETAN,02421
STORM,SHAR-PEI MIX,02421
MAISIE,BEAGLE,02420
BENTLEY,RETRIEVER MIX,02421
J.T.,TERRIER SCOTTISH,02420
WILBUR,MIXED - SHEPHERD/HOUND,02421
URSA,MIXED,02421
HUMPHREY,BEAGLE,02421
PAUDAX,HOUND X,02420
OLIVER BERRY,BORDOODLE,02421
ATLAS,SHEPHERD AUSTRALIAN,02421
MAX,CHIHUAHUA SHIH TZU,02421
SOPHIE,HUSKY SIBERIAN,02420
MILLIE,RETRIEVER LABRADOR,02421
WILLOW,AUSTRALIAN LABRADOODLE,02420
MARZIPAN,COCKAPOO,02421
BENTLEY,CAVAPOO,02420
BELLA,COTON DE TULEAR,02421
MALA,SHEPHERD MIX,02421
SKYE,COLLIE BORDER MIX,02421
NALA,RETRIEVER LABRADOR,02420
CHUMLEY,SAINT BERNARD,02421
DAISY,CAVACHON,02421
CHARLIE,GOLDENDOODLE MINI,02421
OZZY,MIXED,02421
JAX,LABRADOR MIX,02421
TANNER,RETRIEVER GOLDEN,02421
GYPSY,SHEPHERD MIX,02420
KEEPER,LAB MIX,02421
IZZY,TERRIER YORKSHIRE,02421
ZEE,COTON DE TULEAR,02421
MACY,PIT BULL MIX,02421
PHOEBE,SCHNAUZER MINI,02421
VESPER,RETRIEVER LABRADOR,02420
LILY,TERRIER BULL,02421
PIPER,LAB MIX,02420
MONTY,RETRIEVER GOLDEN,02420
SUNNY,RETRIEVER ENGLISH LABRADOR,02421
LUNA,COLLIE MIX,02421
ROCKY,HOUND X,02421
SANDY,CHIHUAHUA,02421
LILY,DALMATIAN,02421
ZOE,RETRIEVER GOLDEN,02421
OSCAR,GOLDENDOODLE,02421
PEPPER,MIXED/TERRIER,02420
SPRITE,SPANIEL BRITTANY,02420
OREO,SHEPHERD AUSTRALIAN,02421
SCOTTY,TERRIER WEST HIGHLAND,02420
VESPER,SHEPHERD GERMAN,02421
BUDDY,CHIHUAHUA MIX,02421
ROSIE,MIXED,02420
ROCKY,DACHSHUND LONGHAIR,02421
ROSIE,RETRIEVER LABRADOR,02420
LOTTO,LAB MIX,02421
DOUGLAS,CAVACHON,02420
KANIS DEXTER,HUSKY SIBERIAN,02420
BRUCE,MIX,02421
JACKSON,RETRIEVER GOLDEN,02421
ZARA,RETRIEVER GOLDEN,02420
OREO,TERRIER YORKSHIRE,02420
BEAU,LABRADOODLE,02421
JACK,COLLIE BORDER MIX,02420
IVY,RETRIEVER GOLDEN,02420
SOPHIE,GREATER SWISS MOUNTAIN,02420
HANK,MUNSTERLANDER SMALL,02421
TOBY,GOLDENDOODLE,02420
FLEURIE,BRIARD,02420
PEPPER,SETTER ENGLISH,02421
MIRANDA,BERNESE MOUNTAIN,02420
LULU,RETRIEVER GOLDEN,02420
SAMMY,LABRADOR MIX,02421
PIXIE,RETRIEVER GOLDEN,02420
ADELINE,POODLE MIX,02420
GOSHA,LABRADOODLE,02421
WATSON,SPANIEL CAVALIER KING CHARLES,02420
WINSTON,SPANIEL CAVALIER KING CHARLES,02420
PENNY,POINTER MIX,02421
LILY,GOLDENDOODLE,02420
MIA,BULLDOG OLD ENGLISH,02420
SCOUT,BEAGLE MIX,02421
LAYLA,CHIHUAHUA MIX,02421
OLIVIA,GOLDENDOODLE,02420
SUKI,GOLDENDOODLE,02421
OSCAR,LABRADOODLE,02421
OLIVER,GOLDENDOODLE,02421
OSCAR,COTON DE TULEAR MIX,02421
ROCKY,POMERANIAN,02420
MAYA,LABRADOODLE AUSTRALIAN,02421
MILO,RETRIEVER LABRADOR,02421
GEORGE,BULLDOG FRENCH,02421
BRADY,BERNESE MOUNTAIN DOG MIX,02421
BELLA,MORKIE,02420
TRINITY,COLLIE ROUGH COAT,02420
GIGI,MALTESE,02420
MOOKIE,MIX,02421
RIZZO,MIX,02420
LENNY,DACHSHUND LONGHAIR,02421
TILLIE,AUSTRALIAN TERRIER,02421
BEE,LABRADOODLE MINIATURE,02420
ASTRO BOI,BEAGLE,02421
CHARLIE,POODLE MIX,02420
MARGOT,MIX,02420
COOKIE,MALTESE,02420
BOGIE,BULLDOG,02420
BOOMER,GOLDENDOODLE MEDIUM,02421
PARKER,COLLIE ROUGH COAT,02421
HONEY,AUSTRALIAN SHEPHERD,02421
WINSTON,MALTIPOO,02420
LOGAN,MIXED,02421
FINBAR,WOLFHOUND IRISH,02420
HUEY,COONHOUND MIX,02420
HOPE,AUSTRALIAN SHEPHERD,02420
COOKIE,LAB/BORDER COLLIE,02420
TOBY,SHIH-TZU,02420
DELILAH,AUSTRALIAN SHEPHERD,02420
SHABU,SHIH-TZU,02421
RUBY,SHEPHERD MIX,02421
LUNA,LABRADOODLE,02420
BRADY,CHIHUAHUA,02421
FRANKIE,PIT BULL,02421
CHESTER,RETRIEVER LABRADOR,02420
RENATA,PUG,02421
TUTI,MALTESE,02421
REILLY,RETRIEVER GOLDEN,02420
SKY,AUSTRALIAN SHEPHERD,02421
ZOOEY,BOXER MIX,02420
LOOPY,SHIBU INU,02421
LING,RETRIEVER LABRADOR,02421
HAZEL,BERNADOODLE,02421
PEPPER,HAVANESE,02421
SASHA,HAVANESE,02421
ELLIE,RETRIEVER GOLDEN,02421
LYRA,BERENDOODLE,02420
CAPTAIN MORGAN,MIX,02421
ROSEBUD,WHIPPET,02421
ELEKTRA,GERMAN SHEPHERD,02421
MOCHA,CORGI,02421
MAGGIE,BEAGLE MIX,02421
PETE,MALTESE,02421
OAKLEY,BORDOODLE,02421
GINGER,HOUND MIX,02420
MILLIE,LABRADOODLE,02421
GLORIA,SAINT BERNARD,02420
BORIS,SAINT BERNARD,02420
COOPER,RETRIEVER GOLDEN,02420
HAZEL,RETRIEVER ENGLISH LABRADOR,02421
LUCA,HAVANESE,02420
TINKERBELL OREO,MIXED,02421
BOOMER,GOLDENDOODLE MINI,02420
ZIGGY,CHINESE CRESTED,02421
DORY,SHEPHERD LAB MIX,02420
BAO,POODLE TOY MIX,02421
TODO,POODLE TOY MIX,02421
NIKA,POODLE TOY,02421
COOKY,SHEPHERD AUSTRAILIAN,02420
ROO,SHEPHERD AUSTRALIAN,02420
HOPS,DACHSHUND MIX,02421
ELLIE,TERRIER WEST HIGHLAND,02421
SUMMER,MALTESE,02420
DAISY,LABRADOR MIX,02421
ABBEY,LAB MIX,02421
LUISA,POMERANIAN,02421
PEROLA,PUG,02420
APOLO,FRENCH BULLDOG,02420
TIGGER,LABRADOR MIX,02421
TIKVAH,PORTUGUESE WATER DOG,02420
MAPLE,GOLDENDOODLE,02421
BENJI,SHEPARD MIX,02421
UGGIE,TERRIER MIX,02420
MEL,BULLDOG FRENCH,02421
LUNA,BULLDOG FRENCH,02421
LUKA,WATER DOG LAGOTA ITALIAN,02421
BUDDY,TERRIER MIX,02421
SCOOTER,TERRIER MIX,02421
BAILEY,TERRIER MIX,02421
BONNIE,WELSH CORGI PEMBROKE,02421
COCO,DACHSHUND MINI,02420
STELLA,RETRIEVER GOLDEN,02420
BUDDY,RETRIEVER GOLDEN,02420
OLIVER,RETRIEVER LABRADOR,02420
AXEL,GERMAN SHORTHAIR,02420
PHIL,GERMAN SHORTHAIR,02420
ROLLIE (ALEXA),GERMAN SHORTHAIR,02420
BIRDIE,BLUE HEELER MIX,02420
CHANTILLY,CAVANESE,02421
BAILEY,FRENCH BULLDOG,02421
LEO,SHIH TZU,02420
TROOPER,HUSKY MIX,02420
CAMO,LABRADOR RETRIEVER MIX,02421
BRIE,MIXED,02420
KOBE,BOXER MIX,02420
MISSY,SHIH TZU MIX,02421
GRACE,SCHNAUZER MINI,02420
REGEANNA,TERRIER MIX,02421
BERNIE,BERNEDOODLE,02420
HOBBS,"TERRIER, STAFFORD",02420
MONKEY WILLIAMS,CHIHUAHUA MIX,02421
HENRY,AUSTRIALIAN SHEPHERD MIX,02421
PEROT,AMERICAN BULLDOG/CURR MIX,02421
SHADOW,LABRADOODLE,02421
ROWAN,HOUND MIX,02420
BAXTER,IRISH TERRIER,02421
DAISY,SIBERIAN HUSKY,02420
LOLA,SIBERIAN HUSKY,02420
BILLIE,COONHOUND,02421
HARPER,BORDER TERRIER,02420
HEALTH,BERNEDOODLE,02420
LUNA,MIXED TERRIER,02421
SCOUT,MUTT,02421
OLLIE,ZUCHON,02421
JAX,CAVAPOO,02421
FLYNN,MIXED,02420
CHARLIE,LABRADOODLE,02421
BEANS BRADLEY,MINI DACSHUND,02420
FRANKE OLIVER,MINI DACSHUND,02420
GINGER,BOXER,02420
MAXIE,MIX,02420
BRADY,BEAGLE PEKINESE MIX,02420
CHIPPER,CHOCOLATE LAB,02421
STORM,GOLDEN RETRIEVER,02420
BEAUX,"RETRIEVER, LAB MIX",02420
ZOOM,GOLDEN RETREIVER,02420
RANGER,SCHNAUZER GIANT MIX,02420
OLIVE,BEAGLE,02421
SNICKERS,WHOODLE,02420
PETER,RETRIEVER GOLDEN,02421
MAISEY,MIX SHEPHERD HOUND,02420
CARSON,COCKER SPANIEL MIX,02421
S SCOUT,RETRIEVER GOLDEN,02421
BUDDY,LABRADOODLE AUSTRALIAN,02420
DAISY,LABRADOODLE AUSTRALIAN,02420
MOLLY,GOLDEN RETRIEVER,02421
ISABELLE,AUSIEDODDLE,02420
BEAU,YELLOW LABRADOR,02420
RYDER,CATAHOUK/BOXER MIX,02420
BAILEY,LABRADOODLE,02420
MICKEY,RETRIEVER GOLDEN,02420
ROCKY KITCHEL,LAB,02421
STELLA,CHIHUAHUA/TERRIER MIX,02421
WATSON,LABRADOODLE,02421
MARBLE,LABRRADOR RETRIEVER,02420
DUSTY,"RETRIEVER, ENGLISH LABRADOR",02420
BARLI,BERNESE MOUNTAIN DOG,02421
OATIE,COCKER SPANIEL - MIXED,02421
BENJAMIN,SALUKI MIX,02420
SNOW,RETRIEVER GOLDED,02420
OTIS,RETRIEVER LABRADOR,02421
KORA,MALTESE,02421
WEISS,MALTESE,02421
ESTHER,RETRIEVER LABRADOR,02421
CHEWY,WHEATON TERRIER,02420
BAILEY,LAB MIX,02421
LILY,MIXED BREED,02421
BUDDY,GERMAN SHORTHAIR POINTER,02421
NINA,CATAHOULA LEOPARD MIX,02421
MAXIMILLIAN SIR PUGS A LOT,PUG,02421
MAIA,HAVANESE,02421
TONY,PEMBROKE WELSH CORGI,02421
LUNA,LAB TERRIER MIX,02420
ANNIE,GOLDEN RETRIEVER,02421
BUDDY,GOLDENDOODLE,02421
OLLIE,GOLDEN RETIRIEVER,02421
LULU,ANATOLIAN SHEPHERD,02421
ZOEY MARIGOLD,LABRADOODLE,02420
ELLIE,BORDER COLLIE MIX,02421
THEO,GERMAN SHEPHERD,02421
DASH,BICHON POODLE,02421
CHASE,"RETRIEVER, LABRADOR",02420
MIGUEL,GOLDENDOODLE,02420
ARROW,BEAGLE MIX,02420
ELMO,TOY POODLE,02421
TIKA,MIXED BREED,02420
KENNY,BERNADOODLE,02420
DUGGIE,BLACK LABRADOR,02420
PONCHO,ENGLISH SPRINGER SPANIEL,02420
BARKIN,AMERICAN COCKER SPANIEL,02420
DOUG,SCHNAUZER MIX,02420
CHARLIE,STANDARD POODLE,02420
PICACHOO,MALTESE,02421
HENRY KOURI,MIXED,02420
OLIVER,COCKAPOO,02421
INDI,POODLE MIX,02421
DAISY,MIXED BREED,02420
RUSSELL,AUSTRALIAN CATTLE DOG MIX,02421
BELLA BOOTS,MIXED,02421
OLIVER DASH,PEMPROKE WELSH CORGI,02421
MOLLIE,GOLDEN RETRIEVER,02420
POPPEA,COCKER SPANIEL,02421
FIFI,GOLDEN DOODLE,02421
THEO,BERNEDOODLE,02420
HAZEL,YORKSHIRE TERRIER,02420
HUNTER,BEAGLE,02421
TRIXIE,AUSTRALIAN LABRADOODLE,02421
LILY,LAB MIX,02421
COPPER NICO,LABRADOR RETRIEVER,02421
MARS,BICHON FRISE,02421
ZELDA,POODLE/ENGLISH SHEEPDOG,02420
FLEETWOOD,HOUND MIX,02421
ASTON VILLA,MIXED BREED,02421
JULES,COCKAPOO,02420
LEO,LAB,02421
CHARLIE BEAN,COLLIE BORDER,02421
LEXI,HAVANESE,02420
BENJI,COCKAPOO,02421
JOEY,LABRADOR RETRIEVER,02421
NOBLE,WHIPEET,02421
MISS RASPBERRY,SHETLAND SHEEPDOG,02421
PONCHO,MIXED,02420
BOKI,POODLE MIX,02421
SUGARPLUM,LAB/TERRIER,02421
LYDIA,LABRADOR/TERRIER MIX,02420
ELLA,RETRIEVER AUSTRALIAN CATTLE DOG,02420
GYPSY,ENGLISH SETTER,02421
COMET,GOLDEN RETRIEVER,02421
LILLY,GOLDEN DOODLE,02421
CHLOE,MINI SCHNAUZER,02421
ELOISE,LAB BOXER MIX,02420
ROCKET,COONHOUND,02420
INDIE,MIXED,02421
GIRARD,SILVER,02421
NICO,AUSTRALIAN SHEPHARD/CATTLE DOG,02421
REMINGTON,BERNESE MOUTAIN DOG,02421
OLIVER,BLACK LAB,02421
DAISY,TERRIER,02421
CHLOE,LABRADOR RETRIEVER,02420
NELLIE,MIXED,02420
MR. BOJO,DACHSHUND,02420
GATOR,CHOCOLATE LAB,02421
LOKI,MIXED,02421
SKYLAR,GERMAN SHEPHERD,02420
CINDY,BOXER MIX,02421
ODIN,LABRADOR RETRIEVER,02420
VINO,CHIHUAHUA,02420
KAIRO,HOUND HEELER,02420
ZORA,LAB MIX,02420
ARLO,SHEPHERD MIX,02421
MAISEL GRACE,GOLDENDOODLE,02420
PAXIE,SHEPHERD AUSTRALIAN MIX,02421
LEO,BICHON FRISE,02420
BRUNO,GOLDENDOODLE,02421
SKY,GOLDEN RETRIEVER,02420
MILLIE,HUSKY/LAB MIX,02421
COOPER,RETRIEVER ENGLISH LABRADOR,02421
GATSBY,"SCHNAUZER, MINIATURE",02421
ASLAN,SHEPHERD RIDGEBACK MIX,02421
SIMON,HAVANESE,02421
CUCUMBER,MUSKY MIX/MUTT,02421
MADDIE,ESKIMO DOG MIX,02420
CREAMPUFF,MALTESE,02420
NALA,MINIATURE GOLDENDOODLE,02421
PEPPER,LAB MIX,02421
FITZ,GERMAN SHEPHERD,02420
RORY,GOLDEN RETRIEVER,02421
HALEY,LABRADOR RETRIEVER,02421
COCO,BICHPOO,02421
TOAST,GOLDENDOODLE,02421
LUCY,LAB RETRIEVER MIX,02420
JAVA,RETRIEVER LABRADOR,02421
DAPHNE,NEWFOUNDLAND,02421
BELLA,LABRADOR-BULL DOG MIX,02420
HAZEL,LABRADOODLE,02420
CORA,TERRIER MIX,02421
GRACIE,SHELTIE MIX,02420
BOSUN,PORTUGUESE WATER DOG,02421
LUCINDA,WEST HIGHLAND WHITE TERRIER,02420
COOKIE,YORKSHIRE TERRIER,02421
SKYE,GERMAN SHERPHERD HUSKY MIX,02420
DUKE,BERNEDOODLE,02420
EVEREST,GOLDEN RETRIEVER,02421
LUKE,AUSTRALIAN COBBER DOG,02421
SHOO,MIX/MINI POODLE & BICHON FRISE,02421
THEO,SHIH-POO,02420
HENRY,CHIHUAHUA,02421
JAKE,TERRIER MIX,02421
BEN,GOLDEN RETRIEVER,02421
DOT (FOOFEE),BORDER COLLIE MIX,02421
OLLIE,BERNESE MOUNTAIN DOG,02421
PERCY,MIXED CHIHUAHUA/DACHUND,02420
MAGGIE,COCKAPOO,02420
TINKERBELL,POMERANIAN,02421
SKYE,MIXED,02421
RIGNEY,CAVACHON,02421
ELSA,LAB MIX (MTN. CUR),02421
BARLEY,LAB MIX,02421
JACK (DRAKE),LABRADOR/PYRENESE,02420